city,year,province,variable
阿坝藏族羌族自治州,1990,四川省,VA_primary(100million)
阿坝藏族羌族自治州,1990,四川省,VA_secondary(100million)
阿坝藏族羌族自治州,1990,四川省,VA_tertiary(100million)
甘孜藏族自治州,1990,四川省,VA_primary(100million)
甘孜藏族自治州,1990,四川省,VA_secondary(100million)
甘孜藏族自治州,1990,四川省,VA_tertiary(100million)
胡杨河市,1990,新疆维吾尔自治区,GDP(100million)
胡杨河市,1990,新疆维吾尔自治区,VA_primary(100million)
胡杨河市,1990,新疆维吾尔自治区,VA_secondary(100million)
胡杨河市,1990,新疆维吾尔自治区,VA_tertiary(100million)
红河哈尼族彝族自治州,1990,云南省,GDP(100million)
红河哈尼族彝族自治州,1990,云南省,VA_primary(100million)
红河哈尼族彝族自治州,1990,云南省,VA_secondary(100million)
红河哈尼族彝族自治州,1990,云南省,VA_tertiary(100million)
中卫市,1990,宁夏回族自治区,GDP(100million)
阿拉尔市,1990,新疆维吾尔自治区,GDP(100million)
阿拉尔市,1990,新疆维吾尔自治区,VA_primary(100million)
阿拉尔市,1990,新疆维吾尔自治区,VA_secondary(100million)
阿拉尔市,1990,新疆维吾尔自治区,VA_tertiary(100million)
固原市,1990,宁夏回族自治区,GDP(100million)
固原市,1990,宁夏回族自治区,VA_primary(100million)
固原市,1990,宁夏回族自治区,VA_secondary(100million)
固原市,1990,宁夏回族自治区,VA_tertiary(100million)
图木舒克市,1990,新疆维吾尔自治区,GDP(100million)
图木舒克市,1990,新疆维吾尔自治区,VA_primary(100million)
图木舒克市,1990,新疆维吾尔自治区,VA_secondary(100million)
图木舒克市,1990,新疆维吾尔自治区,VA_tertiary(100million)
阿里地区,1990,西藏自治区,GDP(100million)
阿里地区,1990,西藏自治区,VA_primary(100million)
阿里地区,1990,西藏自治区,VA_secondary(100million)
阿里地区,1990,西藏自治区,VA_tertiary(100million)
可克达拉市,1990,新疆维吾尔自治区,GDP(100million)
可克达拉市,1990,新疆维吾尔自治区,VA_primary(100million)
可克达拉市,1990,新疆维吾尔自治区,VA_secondary(100million)
可克达拉市,1990,新疆维吾尔自治区,VA_tertiary(100million)
那曲市,1990,西藏自治区,GDP(100million)
那曲市,1990,西藏自治区,VA_primary(100million)
那曲市,1990,西藏自治区,VA_secondary(100million)
那曲市,1990,西藏自治区,VA_tertiary(100million)
迪庆藏族自治州,1990,云南省,GDP(100million)
迪庆藏族自治州,1990,云南省,VA_primary(100million)
迪庆藏族自治州,1990,云南省,VA_secondary(100million)
迪庆藏族自治州,1990,云南省,VA_tertiary(100million)
铁门关市,1990,新疆维吾尔自治区,GDP(100million)
铁门关市,1990,新疆维吾尔自治区,VA_primary(100million)
铁门关市,1990,新疆维吾尔自治区,VA_secondary(100million)
铁门关市,1990,新疆维吾尔自治区,VA_tertiary(100million)
五家渠市,1990,新疆维吾尔自治区,GDP(100million)
五家渠市,1990,新疆维吾尔自治区,VA_primary(100million)
五家渠市,1990,新疆维吾尔自治区,VA_secondary(100million)
五家渠市,1990,新疆维吾尔自治区,VA_tertiary(100million)
丽江市,1990,云南省,GDP(100million)
丽江市,1990,云南省,VA_primary(100million)
丽江市,1990,云南省,VA_secondary(100million)
丽江市,1990,云南省,VA_tertiary(100million)
达州市,1990,四川省,VA_primary(100million)
达州市,1990,四川省,VA_secondary(100million)
达州市,1990,四川省,VA_tertiary(100million)
临沧市,1990,云南省,GDP(100million)
临沧市,1990,云南省,VA_primary(100million)
临沧市,1990,云南省,VA_secondary(100million)
临沧市,1990,云南省,VA_tertiary(100million)
黄南藏族自治州,1990,青海省,VA_primary(100million)
黄南藏族自治州,1990,青海省,VA_secondary(100million)
黄南藏族自治州,1990,青海省,VA_tertiary(100million)
双河市,1990,新疆维吾尔自治区,GDP(100million)
双河市,1990,新疆维吾尔自治区,VA_primary(100million)
双河市,1990,新疆维吾尔自治区,VA_secondary(100million)
双河市,1990,新疆维吾尔自治区,VA_tertiary(100million)
资阳市,1990,四川省,VA_primary(100million)
资阳市,1990,四川省,VA_secondary(100million)
资阳市,1990,四川省,VA_tertiary(100million)
贺州市,1990,广西壮族自治区,VA_primary(100million)
贺州市,1990,广西壮族自治区,VA_secondary(100million)
贺州市,1990,广西壮族自治区,VA_tertiary(100million)
凉山彝族自治州,1990,四川省,VA_primary(100million)
凉山彝族自治州,1990,四川省,VA_secondary(100million)
凉山彝族自治州,1990,四川省,VA_tertiary(100million)
北屯市,1990,新疆维吾尔自治区,GDP(100million)
北屯市,1990,新疆维吾尔自治区,VA_primary(100million)
北屯市,1990,新疆维吾尔自治区,VA_secondary(100million)
北屯市,1990,新疆维吾尔自治区,VA_tertiary(100million)
防城港市,1990,广西壮族自治区,GDP(100million)
防城港市,1990,广西壮族自治区,VA_primary(100million)
防城港市,1990,广西壮族自治区,VA_secondary(100million)
防城港市,1990,广西壮族自治区,VA_tertiary(100million)
西双版纳傣族自治州,1990,云南省,GDP(100million)
西双版纳傣族自治州,1990,云南省,VA_primary(100million)
西双版纳傣族自治州,1990,云南省,VA_secondary(100million)
西双版纳傣族自治州,1990,云南省,VA_tertiary(100million)
玉树藏族自治州,1990,青海省,VA_primary(100million)
玉树藏族自治州,1990,青海省,VA_secondary(100million)
玉树藏族自治州,1990,青海省,VA_tertiary(100million)
昌都市,1990,西藏自治区,GDP(100million)
昌都市,1990,西藏自治区,VA_primary(100million)
昌都市,1990,西藏自治区,VA_secondary(100million)
昌都市,1990,西藏自治区,VA_tertiary(100million)
山南市,1990,西藏自治区,GDP(100million)
山南市,1990,西藏自治区,VA_primary(100million)
山南市,1990,西藏自治区,VA_secondary(100million)
山南市,1990,西藏自治区,VA_tertiary(100million)
昆玉市,1990,新疆维吾尔自治区,GDP(100million)
昆玉市,1990,新疆维吾尔自治区,VA_primary(100million)
昆玉市,1990,新疆维吾尔自治区,VA_secondary(100million)
昆玉市,1990,新疆维吾尔自治区,VA_tertiary(100million)
崇左市,1990,广西壮族自治区,VA_primary(100million)
崇左市,1990,广西壮族自治区,VA_secondary(100million)
崇左市,1990,广西壮族自治区,VA_tertiary(100million)
巴中市,1990,四川省,VA_primary(100million)
巴中市,1990,四川省,VA_secondary(100million)
巴中市,1990,四川省,VA_tertiary(100million)
怒江傈僳族自治州,1990,云南省,GDP(100million)
怒江傈僳族自治州,1990,云南省,VA_primary(100million)
怒江傈僳族自治州,1990,云南省,VA_secondary(100million)
怒江傈僳族自治州,1990,云南省,VA_tertiary(100million)
果洛藏族自治州,1990,青海省,VA_primary(100million)
果洛藏族自治州,1990,青海省,VA_secondary(100million)
果洛藏族自治州,1990,青海省,VA_tertiary(100million)
松原市,1990,吉林省,GDP(100million)
松原市,1990,吉林省,VA_primary(100million)
松原市,1990,吉林省,VA_secondary(100million)
松原市,1990,吉林省,VA_tertiary(100million)
林芝市,1990,西藏自治区,GDP(100million)
林芝市,1990,西藏自治区,VA_primary(100million)
林芝市,1990,西藏自治区,VA_secondary(100million)
林芝市,1990,西藏自治区,VA_tertiary(100million)
海西蒙古族藏族自治州,1990,青海省,VA_primary(100million)
海西蒙古族藏族自治州,1990,青海省,VA_secondary(100million)
海西蒙古族藏族自治州,1990,青海省,VA_tertiary(100million)
普洱市,1990,云南省,GDP(100million)
普洱市,1990,云南省,VA_primary(100million)
普洱市,1990,云南省,VA_secondary(100million)
普洱市,1990,云南省,VA_tertiary(100million)
广安市,1990,四川省,VA_primary(100million)
广安市,1990,四川省,VA_secondary(100million)
广安市,1990,四川省,VA_tertiary(100million)
三沙市,1990,海南省,GDP(100million)
三沙市,1990,海南省,VA_primary(100million)
三沙市,1990,海南省,VA_secondary(100million)
三沙市,1990,海南省,VA_tertiary(100million)
日喀则市,1990,西藏自治区,GDP(100million)
日喀则市,1990,西藏自治区,VA_primary(100million)
日喀则市,1990,西藏自治区,VA_secondary(100million)
日喀则市,1990,西藏自治区,VA_tertiary(100million)
海南藏族自治州,1990,青海省,VA_primary(100million)
海南藏族自治州,1990,青海省,VA_secondary(100million)
海南藏族自治州,1990,青海省,VA_tertiary(100million)
新星市,1990,新疆维吾尔自治区,GDP(100million)
新星市,1990,新疆维吾尔自治区,VA_primary(100million)
新星市,1990,新疆维吾尔自治区,VA_secondary(100million)
新星市,1990,新疆维吾尔自治区,VA_tertiary(100million)
海北藏族自治州,1990,青海省,VA_primary(100million)
海北藏族自治州,1990,青海省,VA_secondary(100million)
海北藏族自治州,1990,青海省,VA_tertiary(100million)
海东市,1990,青海省,VA_primary(100million)
海东市,1990,青海省,VA_secondary(100million)
海东市,1990,青海省,VA_tertiary(100million)
文山壮族苗族自治州,1990,云南省,GDP(100million)
文山壮族苗族自治州,1990,云南省,VA_primary(100million)
文山壮族苗族自治州,1990,云南省,VA_secondary(100million)
文山壮族苗族自治州,1990,云南省,VA_tertiary(100million)
贺州市,1991,广西壮族自治区,VA_primary(100million)
贺州市,1991,广西壮族自治区,VA_secondary(100million)
贺州市,1991,广西壮族自治区,VA_tertiary(100million)
凉山彝族自治州,1991,四川省,VA_primary(100million)
凉山彝族自治州,1991,四川省,VA_secondary(100million)
凉山彝族自治州,1991,四川省,VA_tertiary(100million)
铁门关市,1991,新疆维吾尔自治区,GDP(100million)
铁门关市,1991,新疆维吾尔自治区,VA_primary(100million)
铁门关市,1991,新疆维吾尔自治区,VA_secondary(100million)
铁门关市,1991,新疆维吾尔自治区,VA_tertiary(100million)
德宏傣族景颇族自治州,1991,云南省,GDP(100million)
德宏傣族景颇族自治州,1991,云南省,VA_primary(100million)
德宏傣族景颇族自治州,1991,云南省,VA_secondary(100million)
德宏傣族景颇族自治州,1991,云南省,VA_tertiary(100million)
西双版纳傣族自治州,1991,云南省,GDP(100million)
西双版纳傣族自治州,1991,云南省,VA_primary(100million)
西双版纳傣族自治州,1991,云南省,VA_secondary(100million)
西双版纳傣族自治州,1991,云南省,VA_tertiary(100million)
黄南藏族自治州,1991,青海省,VA_primary(100million)
黄南藏族自治州,1991,青海省,VA_secondary(100million)
黄南藏族自治州,1991,青海省,VA_tertiary(100million)
松原市,1991,吉林省,GDP(100million)
松原市,1991,吉林省,VA_primary(100million)
松原市,1991,吉林省,VA_secondary(100million)
松原市,1991,吉林省,VA_tertiary(100million)
北屯市,1991,新疆维吾尔自治区,GDP(100million)
北屯市,1991,新疆维吾尔自治区,VA_primary(100million)
北屯市,1991,新疆维吾尔自治区,VA_secondary(100million)
北屯市,1991,新疆维吾尔自治区,VA_tertiary(100million)
文山壮族苗族自治州,1991,云南省,GDP(100million)
文山壮族苗族自治州,1991,云南省,VA_primary(100million)
文山壮族苗族自治州,1991,云南省,VA_secondary(100million)
文山壮族苗族自治州,1991,云南省,VA_tertiary(100million)
资阳市,1991,四川省,GDP(100million)
资阳市,1991,四川省,VA_primary(100million)
资阳市,1991,四川省,VA_secondary(100million)
资阳市,1991,四川省,VA_tertiary(100million)
日喀则市,1991,西藏自治区,GDP(100million)
日喀则市,1991,西藏自治区,VA_primary(100million)
日喀则市,1991,西藏自治区,VA_secondary(100million)
日喀则市,1991,西藏自治区,VA_tertiary(100million)
怒江傈僳族自治州,1991,云南省,GDP(100million)
怒江傈僳族自治州,1991,云南省,VA_primary(100million)
怒江傈僳族自治州,1991,云南省,VA_secondary(100million)
怒江傈僳族自治州,1991,云南省,VA_tertiary(100million)
那曲市,1991,西藏自治区,GDP(100million)
那曲市,1991,西藏自治区,VA_primary(100million)
那曲市,1991,西藏自治区,VA_secondary(100million)
那曲市,1991,西藏自治区,VA_tertiary(100million)
昆玉市,1991,新疆维吾尔自治区,GDP(100million)
昆玉市,1991,新疆维吾尔自治区,VA_primary(100million)
昆玉市,1991,新疆维吾尔自治区,VA_secondary(100million)
昆玉市,1991,新疆维吾尔自治区,VA_tertiary(100million)
昌都市,1991,西藏自治区,GDP(100million)
昌都市,1991,西藏自治区,VA_primary(100million)
昌都市,1991,西藏自治区,VA_secondary(100million)
昌都市,1991,西藏自治区,VA_tertiary(100million)
五家渠市,1991,新疆维吾尔自治区,GDP(100million)
五家渠市,1991,新疆维吾尔自治区,VA_primary(100million)
五家渠市,1991,新疆维吾尔自治区,VA_secondary(100million)
五家渠市,1991,新疆维吾尔自治区,VA_tertiary(100million)
普洱市,1991,云南省,GDP(100million)
普洱市,1991,云南省,VA_primary(100million)
普洱市,1991,云南省,VA_secondary(100million)
普洱市,1991,云南省,VA_tertiary(100million)
达州市,1991,四川省,GDP(100million)
达州市,1991,四川省,VA_primary(100million)
达州市,1991,四川省,VA_secondary(100million)
达州市,1991,四川省,VA_tertiary(100million)
克孜勒苏柯尔克孜自治州,1991,新疆维吾尔自治区,GDP(100million)
克孜勒苏柯尔克孜自治州,1991,新疆维吾尔自治区,VA_primary(100million)
克孜勒苏柯尔克孜自治州,1991,新疆维吾尔自治区,VA_secondary(100million)
克孜勒苏柯尔克孜自治州,1991,新疆维吾尔自治区,VA_tertiary(100million)
迪庆藏族自治州,1991,云南省,GDP(100million)
迪庆藏族自治州,1991,云南省,VA_primary(100million)
迪庆藏族自治州,1991,云南省,VA_secondary(100million)
迪庆藏族自治州,1991,云南省,VA_tertiary(100million)
新星市,1991,新疆维吾尔自治区,GDP(100million)
新星市,1991,新疆维吾尔自治区,VA_primary(100million)
新星市,1991,新疆维吾尔自治区,VA_secondary(100million)
新星市,1991,新疆维吾尔自治区,VA_tertiary(100million)
海西蒙古族藏族自治州,1991,青海省,VA_primary(100million)
海西蒙古族藏族自治州,1991,青海省,VA_secondary(100million)
海西蒙古族藏族自治州,1991,青海省,VA_tertiary(100million)
巴中市,1991,四川省,GDP(100million)
巴中市,1991,四川省,VA_primary(100million)
巴中市,1991,四川省,VA_secondary(100million)
巴中市,1991,四川省,VA_tertiary(100million)
池州市,1991,安徽省,GDP(100million)
池州市,1991,安徽省,VA_primary(100million)
池州市,1991,安徽省,VA_secondary(100million)
池州市,1991,安徽省,VA_tertiary(100million)
崇左市,1991,广西壮族自治区,VA_primary(100million)
崇左市,1991,广西壮族自治区,VA_secondary(100million)
崇左市,1991,广西壮族自治区,VA_tertiary(100million)
固原市,1991,宁夏回族自治区,GDP(100million)
固原市,1991,宁夏回族自治区,VA_primary(100million)
固原市,1991,宁夏回族自治区,VA_secondary(100million)
固原市,1991,宁夏回族自治区,VA_tertiary(100million)
玉树藏族自治州,1991,青海省,VA_primary(100million)
玉树藏族自治州,1991,青海省,VA_secondary(100million)
玉树藏族自治州,1991,青海省,VA_tertiary(100million)
图木舒克市,1991,新疆维吾尔自治区,GDP(100million)
图木舒克市,1991,新疆维吾尔自治区,VA_primary(100million)
图木舒克市,1991,新疆维吾尔自治区,VA_secondary(100million)
图木舒克市,1991,新疆维吾尔自治区,VA_tertiary(100million)
山南市,1991,西藏自治区,GDP(100million)
山南市,1991,西藏自治区,VA_primary(100million)
山南市,1991,西藏自治区,VA_secondary(100million)
山南市,1991,西藏自治区,VA_tertiary(100million)
海东市,1991,青海省,VA_primary(100million)
海东市,1991,青海省,VA_secondary(100million)
海东市,1991,青海省,VA_tertiary(100million)
海北藏族自治州,1991,青海省,VA_primary(100million)
海北藏族自治州,1991,青海省,VA_secondary(100million)
海北藏族自治州,1991,青海省,VA_tertiary(100million)
海南藏族自治州,1991,青海省,VA_primary(100million)
海南藏族自治州,1991,青海省,VA_secondary(100million)
海南藏族自治州,1991,青海省,VA_tertiary(100million)
甘孜藏族自治州,1991,四川省,VA_primary(100million)
甘孜藏族自治州,1991,四川省,VA_secondary(100million)
甘孜藏族自治州,1991,四川省,VA_tertiary(100million)
可克达拉市,1991,新疆维吾尔自治区,GDP(100million)
可克达拉市,1991,新疆维吾尔自治区,VA_primary(100million)
可克达拉市,1991,新疆维吾尔自治区,VA_secondary(100million)
可克达拉市,1991,新疆维吾尔自治区,VA_tertiary(100million)
胡杨河市,1991,新疆维吾尔自治区,GDP(100million)
胡杨河市,1991,新疆维吾尔自治区,VA_primary(100million)
胡杨河市,1991,新疆维吾尔自治区,VA_secondary(100million)
胡杨河市,1991,新疆维吾尔自治区,VA_tertiary(100million)
广安市,1991,四川省,GDP(100million)
广安市,1991,四川省,VA_primary(100million)
广安市,1991,四川省,VA_secondary(100million)
广安市,1991,四川省,VA_tertiary(100million)
林芝市,1991,西藏自治区,GDP(100million)
林芝市,1991,西藏自治区,VA_primary(100million)
林芝市,1991,西藏自治区,VA_secondary(100million)
林芝市,1991,西藏自治区,VA_tertiary(100million)
果洛藏族自治州,1991,青海省,VA_primary(100million)
果洛藏族自治州,1991,青海省,VA_secondary(100million)
果洛藏族自治州,1991,青海省,VA_tertiary(100million)
博尔塔拉蒙古自治州,1991,新疆维吾尔自治区,GDP(100million)
博尔塔拉蒙古自治州,1991,新疆维吾尔自治区,VA_primary(100million)
博尔塔拉蒙古自治州,1991,新疆维吾尔自治区,VA_secondary(100million)
博尔塔拉蒙古自治州,1991,新疆维吾尔自治区,VA_tertiary(100million)
双河市,1991,新疆维吾尔自治区,GDP(100million)
双河市,1991,新疆维吾尔自治区,VA_primary(100million)
双河市,1991,新疆维吾尔自治区,VA_secondary(100million)
双河市,1991,新疆维吾尔自治区,VA_tertiary(100million)
红河哈尼族彝族自治州,1991,云南省,GDP(100million)
红河哈尼族彝族自治州,1991,云南省,VA_primary(100million)
红河哈尼族彝族自治州,1991,云南省,VA_secondary(100million)
红河哈尼族彝族自治州,1991,云南省,VA_tertiary(100million)
神农架林区,1991,湖北省,VA_primary(100million)
神农架林区,1991,湖北省,VA_secondary(100million)
神农架林区,1991,湖北省,VA_tertiary(100million)
防城港市,1991,广西壮族自治区,GDP(100million)
防城港市,1991,广西壮族自治区,VA_primary(100million)
防城港市,1991,广西壮族自治区,VA_secondary(100million)
防城港市,1991,广西壮族自治区,VA_tertiary(100million)
阿坝藏族羌族自治州,1991,四川省,VA_primary(100million)
阿坝藏族羌族自治州,1991,四川省,VA_secondary(100million)
阿坝藏族羌族自治州,1991,四川省,VA_tertiary(100million)
三沙市,1991,海南省,GDP(100million)
三沙市,1991,海南省,VA_primary(100million)
三沙市,1991,海南省,VA_secondary(100million)
三沙市,1991,海南省,VA_tertiary(100million)
临沧市,1991,云南省,GDP(100million)
临沧市,1991,云南省,VA_primary(100million)
临沧市,1991,云南省,VA_secondary(100million)
临沧市,1991,云南省,VA_tertiary(100million)
阿里地区,1991,西藏自治区,GDP(100million)
阿里地区,1991,西藏自治区,VA_primary(100million)
阿里地区,1991,西藏自治区,VA_secondary(100million)
阿里地区,1991,西藏自治区,VA_tertiary(100million)
阿拉尔市,1991,新疆维吾尔自治区,GDP(100million)
阿拉尔市,1991,新疆维吾尔自治区,VA_primary(100million)
阿拉尔市,1991,新疆维吾尔自治区,VA_secondary(100million)
阿拉尔市,1991,新疆维吾尔自治区,VA_tertiary(100million)
丽江市,1991,云南省,GDP(100million)
丽江市,1991,云南省,VA_primary(100million)
丽江市,1991,云南省,VA_secondary(100million)
丽江市,1991,云南省,VA_tertiary(100million)
中卫市,1991,宁夏回族自治区,GDP(100million)
随州市,1991,湖北省,GDP(100million)
随州市,1991,湖北省,VA_primary(100million)
随州市,1991,湖北省,VA_secondary(100million)
随州市,1991,湖北省,VA_tertiary(100million)
神农架林区,1992,湖北省,VA_primary(100million)
神农架林区,1992,湖北省,VA_secondary(100million)
神农架林区,1992,湖北省,VA_tertiary(100million)
红河哈尼族彝族自治州,1992,云南省,GDP(100million)
红河哈尼族彝族自治州,1992,云南省,VA_primary(100million)
红河哈尼族彝族自治州,1992,云南省,VA_secondary(100million)
红河哈尼族彝族自治州,1992,云南省,VA_tertiary(100million)
阿克苏地区,1992,新疆维吾尔自治区,GDP(100million)
阿克苏地区,1992,新疆维吾尔自治区,VA_primary(100million)
阿克苏地区,1992,新疆维吾尔自治区,VA_secondary(100million)
阿克苏地区,1992,新疆维吾尔自治区,VA_tertiary(100million)
吴忠市,1992,宁夏回族自治区,GDP(100million)
玉树藏族自治州,1992,青海省,VA_primary(100million)
玉树藏族自治州,1992,青海省,VA_secondary(100million)
玉树藏族自治州,1992,青海省,VA_tertiary(100million)
甘孜藏族自治州,1992,四川省,VA_primary(100million)
甘孜藏族自治州,1992,四川省,VA_secondary(100million)
甘孜藏族自治州,1992,四川省,VA_tertiary(100million)
喀什地区,1992,新疆维吾尔自治区,GDP(100million)
喀什地区,1992,新疆维吾尔自治区,VA_primary(100million)
喀什地区,1992,新疆维吾尔自治区,VA_secondary(100million)
喀什地区,1992,新疆维吾尔自治区,VA_tertiary(100million)
中卫市,1992,宁夏回族自治区,GDP(100million)
阿拉尔市,1992,新疆维吾尔自治区,GDP(100million)
阿拉尔市,1992,新疆维吾尔自治区,VA_primary(100million)
阿拉尔市,1992,新疆维吾尔自治区,VA_secondary(100million)
阿拉尔市,1992,新疆维吾尔自治区,VA_tertiary(100million)
固原市,1992,宁夏回族自治区,GDP(100million)
固原市,1992,宁夏回族自治区,VA_primary(100million)
固原市,1992,宁夏回族自治区,VA_secondary(100million)
固原市,1992,宁夏回族自治区,VA_tertiary(100million)
图木舒克市,1992,新疆维吾尔自治区,GDP(100million)
图木舒克市,1992,新疆维吾尔自治区,VA_primary(100million)
图木舒克市,1992,新疆维吾尔自治区,VA_secondary(100million)
图木舒克市,1992,新疆维吾尔自治区,VA_tertiary(100million)
塔城地区,1992,新疆维吾尔自治区,GDP(100million)
塔城地区,1992,新疆维吾尔自治区,VA_primary(100million)
塔城地区,1992,新疆维吾尔自治区,VA_secondary(100million)
塔城地区,1992,新疆维吾尔自治区,VA_tertiary(100million)
白山市,1992,吉林省,VA_primary(100million)
白山市,1992,吉林省,VA_secondary(100million)
白山市,1992,吉林省,VA_tertiary(100million)
和田地区,1992,新疆维吾尔自治区,GDP(100million)
和田地区,1992,新疆维吾尔自治区,VA_primary(100million)
和田地区,1992,新疆维吾尔自治区,VA_secondary(100million)
和田地区,1992,新疆维吾尔自治区,VA_tertiary(100million)
阿坝藏族羌族自治州,1992,四川省,VA_primary(100million)
阿坝藏族羌族自治州,1992,四川省,VA_secondary(100million)
阿坝藏族羌族自治州,1992,四川省,VA_tertiary(100million)
胡杨河市,1992,新疆维吾尔自治区,GDP(100million)
胡杨河市,1992,新疆维吾尔自治区,VA_primary(100million)
胡杨河市,1992,新疆维吾尔自治区,VA_secondary(100million)
胡杨河市,1992,新疆维吾尔自治区,VA_tertiary(100million)
哈密市,1992,新疆维吾尔自治区,GDP(100million)
哈密市,1992,新疆维吾尔自治区,VA_primary(100million)
哈密市,1992,新疆维吾尔自治区,VA_secondary(100million)
哈密市,1992,新疆维吾尔自治区,VA_tertiary(100million)
达州市,1992,四川省,GDP(100million)
达州市,1992,四川省,VA_primary(100million)
达州市,1992,四川省,VA_secondary(100million)
达州市,1992,四川省,VA_tertiary(100million)
资阳市,1992,四川省,GDP(100million)
资阳市,1992,四川省,VA_primary(100million)
资阳市,1992,四川省,VA_secondary(100million)
资阳市,1992,四川省,VA_tertiary(100million)
贺州市,1992,广西壮族自治区,VA_primary(100million)
贺州市,1992,广西壮族自治区,VA_secondary(100million)
贺州市,1992,广西壮族自治区,VA_tertiary(100million)
凉山彝族自治州,1992,四川省,VA_primary(100million)
凉山彝族自治州,1992,四川省,VA_secondary(100million)
凉山彝族自治州,1992,四川省,VA_tertiary(100million)
贵港市,1992,广西壮族自治区,GDP(100million)
迪庆藏族自治州,1992,云南省,GDP(100million)
迪庆藏族自治州,1992,云南省,VA_primary(100million)
迪庆藏族自治州,1992,云南省,VA_secondary(100million)
迪庆藏族自治州,1992,云南省,VA_tertiary(100million)
那曲市,1992,西藏自治区,GDP(100million)
那曲市,1992,西藏自治区,VA_primary(100million)
那曲市,1992,西藏自治区,VA_secondary(100million)
那曲市,1992,西藏自治区,VA_tertiary(100million)
克孜勒苏柯尔克孜自治州,1992,新疆维吾尔自治区,GDP(100million)
克孜勒苏柯尔克孜自治州,1992,新疆维吾尔自治区,VA_primary(100million)
克孜勒苏柯尔克孜自治州,1992,新疆维吾尔自治区,VA_secondary(100million)
克孜勒苏柯尔克孜自治州,1992,新疆维吾尔自治区,VA_tertiary(100million)
阜阳市,1992,安徽省,GDP(100million)
阜阳市,1992,安徽省,VA_primary(100million)
阜阳市,1992,安徽省,VA_secondary(100million)
阜阳市,1992,安徽省,VA_tertiary(100million)
博尔塔拉蒙古自治州,1992,新疆维吾尔自治区,GDP(100million)
博尔塔拉蒙古自治州,1992,新疆维吾尔自治区,VA_primary(100million)
博尔塔拉蒙古自治州,1992,新疆维吾尔自治区,VA_secondary(100million)
博尔塔拉蒙古自治州,1992,新疆维吾尔自治区,VA_tertiary(100million)
双河市,1992,新疆维吾尔自治区,GDP(100million)
双河市,1992,新疆维吾尔自治区,VA_primary(100million)
双河市,1992,新疆维吾尔自治区,VA_secondary(100million)
双河市,1992,新疆维吾尔自治区,VA_tertiary(100million)
芜湖市,1992,安徽省,VA_secondary(100million)
芜湖市,1992,安徽省,VA_tertiary(100million)
可克达拉市,1992,新疆维吾尔自治区,GDP(100million)
可克达拉市,1992,新疆维吾尔自治区,VA_primary(100million)
可克达拉市,1992,新疆维吾尔自治区,VA_secondary(100million)
可克达拉市,1992,新疆维吾尔自治区,VA_tertiary(100million)
北屯市,1992,新疆维吾尔自治区,GDP(100million)
北屯市,1992,新疆维吾尔自治区,VA_primary(100million)
北屯市,1992,新疆维吾尔自治区,VA_secondary(100million)
北屯市,1992,新疆维吾尔自治区,VA_tertiary(100million)
西宁市,1992,青海省,VA_primary(100million)
西宁市,1992,青海省,VA_secondary(100million)
西宁市,1992,青海省,VA_tertiary(100million)
北海市,1992,广西壮族自治区,VA_primary(100million)
北海市,1992,广西壮族自治区,VA_secondary(100million)
北海市,1992,广西壮族自治区,VA_tertiary(100million)
西双版纳傣族自治州,1992,云南省,GDP(100million)
西双版纳傣族自治州,1992,云南省,VA_primary(100million)
西双版纳傣族自治州,1992,云南省,VA_secondary(100million)
西双版纳傣族自治州,1992,云南省,VA_tertiary(100million)
防城港市,1992,广西壮族自治区,GDP(100million)
防城港市,1992,广西壮族自治区,VA_primary(100million)
防城港市,1992,广西壮族自治区,VA_secondary(100million)
防城港市,1992,广西壮族自治区,VA_tertiary(100million)
临沧市,1992,云南省,GDP(100million)
临沧市,1992,云南省,VA_primary(100million)
临沧市,1992,云南省,VA_secondary(100million)
临沧市,1992,云南省,VA_tertiary(100million)
黄南藏族自治州,1992,青海省,VA_primary(100million)
黄南藏族自治州,1992,青海省,VA_secondary(100million)
黄南藏族自治州,1992,青海省,VA_tertiary(100million)
果洛藏族自治州,1992,青海省,VA_primary(100million)
果洛藏族自治州,1992,青海省,VA_secondary(100million)
果洛藏族自治州,1992,青海省,VA_tertiary(100million)
马鞍山市,1992,安徽省,GDP(100million)
马鞍山市,1992,安徽省,VA_primary(100million)
马鞍山市,1992,安徽省,VA_secondary(100million)
马鞍山市,1992,安徽省,VA_tertiary(100million)
林芝市,1992,西藏自治区,GDP(100million)
林芝市,1992,西藏自治区,VA_primary(100million)
林芝市,1992,西藏自治区,VA_secondary(100million)
林芝市,1992,西藏自治区,VA_tertiary(100million)
三沙市,1992,海南省,GDP(100million)
三沙市,1992,海南省,VA_primary(100million)
三沙市,1992,海南省,VA_secondary(100million)
三沙市,1992,海南省,VA_tertiary(100million)
广安市,1992,四川省,GDP(100million)
广安市,1992,四川省,VA_primary(100million)
广安市,1992,四川省,VA_secondary(100million)
广安市,1992,四川省,VA_tertiary(100million)
梧州市,1992,广西壮族自治区,VA_primary(100million)
梧州市,1992,广西壮族自治区,VA_secondary(100million)
梧州市,1992,广西壮族自治区,VA_tertiary(100million)
日喀则市,1992,西藏自治区,GDP(100million)
日喀则市,1992,西藏自治区,VA_primary(100million)
日喀则市,1992,西藏自治区,VA_secondary(100million)
日喀则市,1992,西藏自治区,VA_tertiary(100million)
新星市,1992,新疆维吾尔自治区,GDP(100million)
新星市,1992,新疆维吾尔自治区,VA_primary(100million)
新星市,1992,新疆维吾尔自治区,VA_secondary(100million)
新星市,1992,新疆维吾尔自治区,VA_tertiary(100million)
文山壮族苗族自治州,1992,云南省,GDP(100million)
文山壮族苗族自治州,1992,云南省,VA_primary(100million)
文山壮族苗族自治州,1992,云南省,VA_secondary(100million)
文山壮族苗族自治州,1992,云南省,VA_tertiary(100million)
昆玉市,1992,新疆维吾尔自治区,GDP(100million)
昆玉市,1992,新疆维吾尔自治区,VA_primary(100million)
昆玉市,1992,新疆维吾尔自治区,VA_secondary(100million)
昆玉市,1992,新疆维吾尔自治区,VA_tertiary(100million)
德宏傣族景颇族自治州,1992,云南省,GDP(100million)
德宏傣族景颇族自治州,1992,云南省,VA_primary(100million)
德宏傣族景颇族自治州,1992,云南省,VA_secondary(100million)
德宏傣族景颇族自治州,1992,云南省,VA_tertiary(100million)
普洱市,1992,云南省,GDP(100million)
普洱市,1992,云南省,VA_primary(100million)
普洱市,1992,云南省,VA_secondary(100million)
普洱市,1992,云南省,VA_tertiary(100million)
昌都市,1992,西藏自治区,GDP(100million)
昌都市,1992,西藏自治区,VA_primary(100million)
昌都市,1992,西藏自治区,VA_secondary(100million)
昌都市,1992,西藏自治区,VA_tertiary(100million)
怒江傈僳族自治州,1992,云南省,GDP(100million)
怒江傈僳族自治州,1992,云南省,VA_primary(100million)
怒江傈僳族自治州,1992,云南省,VA_secondary(100million)
怒江傈僳族自治州,1992,云南省,VA_tertiary(100million)
昌吉回族自治州,1992,新疆维吾尔自治区,GDP(100million)
昌吉回族自治州,1992,新疆维吾尔自治区,VA_primary(100million)
昌吉回族自治州,1992,新疆维吾尔自治区,VA_secondary(100million)
昌吉回族自治州,1992,新疆维吾尔自治区,VA_tertiary(100million)
孝感市,1992,湖北省,GDP(100million)
孝感市,1992,湖北省,VA_primary(100million)
孝感市,1992,湖北省,VA_secondary(100million)
孝感市,1992,湖北省,VA_tertiary(100million)
阿里地区,1992,西藏自治区,GDP(100million)
阿里地区,1992,西藏自治区,VA_primary(100million)
阿里地区,1992,西藏自治区,VA_secondary(100million)
阿里地区,1992,西藏自治区,VA_tertiary(100million)
潜江市,1992,湖北省,GDP(100million)
潜江市,1992,湖北省,VA_primary(100million)
潜江市,1992,湖北省,VA_secondary(100million)
潜江市,1992,湖北省,VA_tertiary(100million)
天门市,1992,湖北省,GDP(100million)
天门市,1992,湖北省,VA_primary(100million)
天门市,1992,湖北省,VA_secondary(100million)
天门市,1992,湖北省,VA_tertiary(100million)
滁州市,1992,安徽省,GDP(100million)
滁州市,1992,安徽省,VA_primary(100million)
滁州市,1992,安徽省,VA_secondary(100million)
滁州市,1992,安徽省,VA_tertiary(100million)
随州市,1992,湖北省,GDP(100million)
随州市,1992,湖北省,VA_primary(100million)
随州市,1992,湖北省,VA_secondary(100million)
随州市,1992,湖北省,VA_tertiary(100million)
山南市,1992,西藏自治区,GDP(100million)
山南市,1992,西藏自治区,VA_primary(100million)
山南市,1992,西藏自治区,VA_secondary(100million)
山南市,1992,西藏自治区,VA_tertiary(100million)
崇左市,1992,广西壮族自治区,VA_primary(100million)
崇左市,1992,广西壮族自治区,VA_secondary(100million)
崇左市,1992,广西壮族自治区,VA_tertiary(100million)
池州市,1992,安徽省,GDP(100million)
池州市,1992,安徽省,VA_primary(100million)
池州市,1992,安徽省,VA_secondary(100million)
池州市,1992,安徽省,VA_tertiary(100million)
巴中市,1992,四川省,GDP(100million)
巴中市,1992,四川省,VA_primary(100million)
巴中市,1992,四川省,VA_secondary(100million)
巴中市,1992,四川省,VA_tertiary(100million)
海西蒙古族藏族自治州,1992,青海省,VA_primary(100million)
海西蒙古族藏族自治州,1992,青海省,VA_secondary(100million)
海西蒙古族藏族自治州,1992,青海省,VA_tertiary(100million)
海南藏族自治州,1992,青海省,VA_primary(100million)
海南藏族自治州,1992,青海省,VA_secondary(100million)
海南藏族自治州,1992,青海省,VA_tertiary(100million)
海北藏族自治州,1992,青海省,VA_primary(100million)
海北藏族自治州,1992,青海省,VA_secondary(100million)
海北藏族自治州,1992,青海省,VA_tertiary(100million)
宜宾市,1992,四川省,GDP(100million)
宜宾市,1992,四川省,VA_primary(100million)
宜宾市,1992,四川省,VA_secondary(100million)
宜宾市,1992,四川省,VA_tertiary(100million)
海东市,1992,青海省,VA_primary(100million)
海东市,1992,青海省,VA_secondary(100million)
海东市,1992,青海省,VA_tertiary(100million)
仙桃市,1992,湖北省,GDP(100million)
仙桃市,1992,湖北省,VA_primary(100million)
仙桃市,1992,湖北省,VA_secondary(100million)
仙桃市,1992,湖北省,VA_tertiary(100million)
丽江市,1992,云南省,GDP(100million)
丽江市,1992,云南省,VA_primary(100million)
丽江市,1992,云南省,VA_secondary(100million)
丽江市,1992,云南省,VA_tertiary(100million)
五家渠市,1992,新疆维吾尔自治区,GDP(100million)
五家渠市,1992,新疆维吾尔自治区,VA_primary(100million)
五家渠市,1992,新疆维吾尔自治区,VA_secondary(100million)
五家渠市,1992,新疆维吾尔自治区,VA_tertiary(100million)
铁门关市,1992,新疆维吾尔自治区,GDP(100million)
铁门关市,1992,新疆维吾尔自治区,VA_primary(100million)
铁门关市,1992,新疆维吾尔自治区,VA_secondary(100million)
铁门关市,1992,新疆维吾尔自治区,VA_tertiary(100million)
吴忠市,1993,宁夏回族自治区,GDP(100million)
随州市,1993,湖北省,GDP(100million)
随州市,1993,湖北省,VA_primary(100million)
随州市,1993,湖北省,VA_secondary(100million)
随州市,1993,湖北省,VA_tertiary(100million)
西宁市,1993,青海省,VA_primary(100million)
西宁市,1993,青海省,VA_secondary(100million)
西宁市,1993,青海省,VA_tertiary(100million)
巴中市,1993,四川省,GDP(100million)
巴中市,1993,四川省,VA_primary(100million)
巴中市,1993,四川省,VA_secondary(100million)
巴中市,1993,四川省,VA_tertiary(100million)
池州市,1993,安徽省,GDP(100million)
池州市,1993,安徽省,VA_primary(100million)
池州市,1993,安徽省,VA_secondary(100million)
池州市,1993,安徽省,VA_tertiary(100million)
中卫市,1993,宁夏回族自治区,GDP(100million)
孝感市,1993,湖北省,GDP(100million)
孝感市,1993,湖北省,VA_primary(100million)
孝感市,1993,湖北省,VA_secondary(100million)
孝感市,1993,湖北省,VA_tertiary(100million)
北屯市,1993,新疆维吾尔自治区,GDP(100million)
北屯市,1993,新疆维吾尔自治区,VA_primary(100million)
北屯市,1993,新疆维吾尔自治区,VA_secondary(100million)
北屯市,1993,新疆维吾尔自治区,VA_tertiary(100million)
阜阳市,1993,安徽省,GDP(100million)
阜阳市,1993,安徽省,VA_primary(100million)
阜阳市,1993,安徽省,VA_secondary(100million)
阜阳市,1993,安徽省,VA_tertiary(100million)
贺州市,1993,广西壮族自治区,VA_primary(100million)
贺州市,1993,广西壮族自治区,VA_secondary(100million)
贺州市,1993,广西壮族自治区,VA_tertiary(100million)
崇左市,1993,广西壮族自治区,VA_primary(100million)
崇左市,1993,广西壮族自治区,VA_secondary(100million)
崇左市,1993,广西壮族自治区,VA_tertiary(100million)
贵港市,1993,广西壮族自治区,GDP(100million)
昌都市,1993,西藏自治区,GDP(100million)
昌都市,1993,西藏自治区,VA_primary(100million)
昌都市,1993,西藏自治区,VA_secondary(100million)
昌都市,1993,西藏自治区,VA_tertiary(100million)
达州市,1993,四川省,GDP(100million)
达州市,1993,四川省,VA_primary(100million)
达州市,1993,四川省,VA_secondary(100million)
达州市,1993,四川省,VA_tertiary(100million)
海西蒙古族藏族自治州,1993,青海省,VA_primary(100million)
海西蒙古族藏族自治州,1993,青海省,VA_secondary(100million)
海西蒙古族藏族自治州,1993,青海省,VA_tertiary(100million)
和田地区,1993,新疆维吾尔自治区,GDP(100million)
和田地区,1993,新疆维吾尔自治区,VA_primary(100million)
和田地区,1993,新疆维吾尔自治区,VA_secondary(100million)
和田地区,1993,新疆维吾尔自治区,VA_tertiary(100million)
昌吉回族自治州,1993,新疆维吾尔自治区,GDP(100million)
昌吉回族自治州,1993,新疆维吾尔自治区,VA_primary(100million)
昌吉回族自治州,1993,新疆维吾尔自治区,VA_secondary(100million)
昌吉回族自治州,1993,新疆维吾尔自治区,VA_tertiary(100million)
阿里地区,1993,西藏自治区,GDP(100million)
阿里地区,1993,西藏自治区,VA_primary(100million)
阿里地区,1993,西藏自治区,VA_secondary(100million)
阿里地区,1993,西藏自治区,VA_tertiary(100million)
资阳市,1993,四川省,GDP(100million)
资阳市,1993,四川省,VA_primary(100million)
资阳市,1993,四川省,VA_secondary(100million)
资阳市,1993,四川省,VA_tertiary(100million)
神农架林区,1993,湖北省,VA_primary(100million)
神农架林区,1993,湖北省,VA_secondary(100million)
神农架林区,1993,湖北省,VA_tertiary(100million)
山南市,1993,西藏自治区,GDP(100million)
山南市,1993,西藏自治区,VA_primary(100million)
山南市,1993,西藏自治区,VA_secondary(100million)
山南市,1993,西藏自治区,VA_tertiary(100million)
芜湖市,1993,安徽省,VA_secondary(100million)
芜湖市,1993,安徽省,VA_tertiary(100million)
塔城地区,1993,新疆维吾尔自治区,GDP(100million)
塔城地区,1993,新疆维吾尔自治区,VA_primary(100million)
塔城地区,1993,新疆维吾尔自治区,VA_secondary(100million)
塔城地区,1993,新疆维吾尔自治区,VA_tertiary(100million)
可克达拉市,1993,新疆维吾尔自治区,GDP(100million)
可克达拉市,1993,新疆维吾尔自治区,VA_primary(100million)
可克达拉市,1993,新疆维吾尔自治区,VA_secondary(100million)
可克达拉市,1993,新疆维吾尔自治区,VA_tertiary(100million)
固原市,1993,宁夏回族自治区,GDP(100million)
固原市,1993,宁夏回族自治区,VA_primary(100million)
固原市,1993,宁夏回族自治区,VA_secondary(100million)
固原市,1993,宁夏回族自治区,VA_tertiary(100million)
仙桃市,1993,湖北省,GDP(100million)
仙桃市,1993,湖北省,VA_primary(100million)
仙桃市,1993,湖北省,VA_secondary(100million)
仙桃市,1993,湖北省,VA_tertiary(100million)
五家渠市,1993,新疆维吾尔自治区,GDP(100million)
五家渠市,1993,新疆维吾尔自治区,VA_primary(100million)
五家渠市,1993,新疆维吾尔自治区,VA_secondary(100million)
五家渠市,1993,新疆维吾尔自治区,VA_tertiary(100million)
马鞍山市,1993,安徽省,GDP(100million)
马鞍山市,1993,安徽省,VA_primary(100million)
马鞍山市,1993,安徽省,VA_secondary(100million)
马鞍山市,1993,安徽省,VA_tertiary(100million)
三沙市,1993,海南省,GDP(100million)
三沙市,1993,海南省,VA_primary(100million)
三沙市,1993,海南省,VA_secondary(100million)
三沙市,1993,海南省,VA_tertiary(100million)
图木舒克市,1993,新疆维吾尔自治区,GDP(100million)
图木舒克市,1993,新疆维吾尔自治区,VA_primary(100million)
图木舒克市,1993,新疆维吾尔自治区,VA_secondary(100million)
图木舒克市,1993,新疆维吾尔自治区,VA_tertiary(100million)
广安市,1993,四川省,GDP(100million)
广安市,1993,四川省,VA_primary(100million)
广安市,1993,四川省,VA_secondary(100million)
广安市,1993,四川省,VA_tertiary(100million)
梧州市,1993,广西壮族自治区,VA_primary(100million)
梧州市,1993,广西壮族自治区,VA_secondary(100million)
梧州市,1993,广西壮族自治区,VA_tertiary(100million)
铁门关市,1993,新疆维吾尔自治区,GDP(100million)
铁门关市,1993,新疆维吾尔自治区,VA_primary(100million)
铁门关市,1993,新疆维吾尔自治区,VA_secondary(100million)
铁门关市,1993,新疆维吾尔自治区,VA_tertiary(100million)
双河市,1993,新疆维吾尔自治区,GDP(100million)
双河市,1993,新疆维吾尔自治区,VA_primary(100million)
双河市,1993,新疆维吾尔自治区,VA_secondary(100million)
双河市,1993,新疆维吾尔自治区,VA_tertiary(100million)
博尔塔拉蒙古自治州,1993,新疆维吾尔自治区,GDP(100million)
博尔塔拉蒙古自治州,1993,新疆维吾尔自治区,VA_primary(100million)
博尔塔拉蒙古自治州,1993,新疆维吾尔自治区,VA_secondary(100million)
博尔塔拉蒙古自治州,1993,新疆维吾尔自治区,VA_tertiary(100million)
阿拉尔市,1993,新疆维吾尔自治区,GDP(100million)
阿拉尔市,1993,新疆维吾尔自治区,VA_primary(100million)
阿拉尔市,1993,新疆维吾尔自治区,VA_secondary(100million)
阿拉尔市,1993,新疆维吾尔自治区,VA_tertiary(100million)
玉树藏族自治州,1993,青海省,VA_primary(100million)
玉树藏族自治州,1993,青海省,VA_secondary(100million)
玉树藏族自治州,1993,青海省,VA_tertiary(100million)
阿克苏地区,1993,新疆维吾尔自治区,GDP(100million)
阿克苏地区,1993,新疆维吾尔自治区,VA_primary(100million)
阿克苏地区,1993,新疆维吾尔自治区,VA_secondary(100million)
阿克苏地区,1993,新疆维吾尔自治区,VA_tertiary(100million)
潜江市,1993,湖北省,GDP(100million)
潜江市,1993,湖北省,VA_primary(100million)
潜江市,1993,湖北省,VA_secondary(100million)
潜江市,1993,湖北省,VA_tertiary(100million)
北海市,1993,广西壮族自治区,VA_primary(100million)
北海市,1993,广西壮族自治区,VA_secondary(100million)
北海市,1993,广西壮族自治区,VA_tertiary(100million)
黄南藏族自治州,1993,青海省,VA_primary(100million)
黄南藏族自治州,1993,青海省,VA_secondary(100million)
黄南藏族自治州,1993,青海省,VA_tertiary(100million)
果洛藏族自治州,1993,青海省,VA_primary(100million)
果洛藏族自治州,1993,青海省,VA_secondary(100million)
果洛藏族自治州,1993,青海省,VA_tertiary(100million)
胡杨河市,1993,新疆维吾尔自治区,GDP(100million)
胡杨河市,1993,新疆维吾尔自治区,VA_primary(100million)
胡杨河市,1993,新疆维吾尔自治区,VA_secondary(100million)
胡杨河市,1993,新疆维吾尔自治区,VA_tertiary(100million)
林芝市,1993,西藏自治区,GDP(100million)
林芝市,1993,西藏自治区,VA_primary(100million)
林芝市,1993,西藏自治区,VA_secondary(100million)
林芝市,1993,西藏自治区,VA_tertiary(100million)
昆玉市,1993,新疆维吾尔自治区,GDP(100million)
昆玉市,1993,新疆维吾尔自治区,VA_primary(100million)
昆玉市,1993,新疆维吾尔自治区,VA_secondary(100million)
昆玉市,1993,新疆维吾尔自治区,VA_tertiary(100million)
白山市,1993,吉林省,VA_primary(100million)
白山市,1993,吉林省,VA_secondary(100million)
白山市,1993,吉林省,VA_tertiary(100million)
克孜勒苏柯尔克孜自治州,1993,新疆维吾尔自治区,GDP(100million)
克孜勒苏柯尔克孜自治州,1993,新疆维吾尔自治区,VA_primary(100million)
克孜勒苏柯尔克孜自治州,1993,新疆维吾尔自治区,VA_secondary(100million)
克孜勒苏柯尔克孜自治州,1993,新疆维吾尔自治区,VA_tertiary(100million)
海南藏族自治州,1993,青海省,VA_primary(100million)
海南藏族自治州,1993,青海省,VA_secondary(100million)
海南藏族自治州,1993,青海省,VA_tertiary(100million)
海东市,1993,青海省,VA_primary(100million)
海东市,1993,青海省,VA_secondary(100million)
海东市,1993,青海省,VA_tertiary(100million)
哈密市,1993,新疆维吾尔自治区,GDP(100million)
哈密市,1993,新疆维吾尔自治区,VA_primary(100million)
哈密市,1993,新疆维吾尔自治区,VA_secondary(100million)
哈密市,1993,新疆维吾尔自治区,VA_tertiary(100million)
日喀则市,1993,西藏自治区,GDP(100million)
日喀则市,1993,西藏自治区,VA_primary(100million)
日喀则市,1993,西藏自治区,VA_secondary(100million)
日喀则市,1993,西藏自治区,VA_tertiary(100million)
天门市,1993,湖北省,GDP(100million)
天门市,1993,湖北省,VA_primary(100million)
天门市,1993,湖北省,VA_secondary(100million)
天门市,1993,湖北省,VA_tertiary(100million)
海北藏族自治州,1993,青海省,VA_primary(100million)
海北藏族自治州,1993,青海省,VA_secondary(100million)
海北藏族自治州,1993,青海省,VA_tertiary(100million)
新星市,1993,新疆维吾尔自治区,GDP(100million)
新星市,1993,新疆维吾尔自治区,VA_primary(100million)
新星市,1993,新疆维吾尔自治区,VA_secondary(100million)
新星市,1993,新疆维吾尔自治区,VA_tertiary(100million)
喀什地区,1993,新疆维吾尔自治区,GDP(100million)
喀什地区,1993,新疆维吾尔自治区,VA_primary(100million)
喀什地区,1993,新疆维吾尔自治区,VA_secondary(100million)
喀什地区,1993,新疆维吾尔自治区,VA_tertiary(100million)
那曲市,1993,西藏自治区,GDP(100million)
那曲市,1993,西藏自治区,VA_primary(100million)
那曲市,1993,西藏自治区,VA_secondary(100million)
那曲市,1993,西藏自治区,VA_tertiary(100million)
宜宾市,1993,四川省,GDP(100million)
宜宾市,1993,四川省,VA_primary(100million)
宜宾市,1993,四川省,VA_secondary(100million)
宜宾市,1993,四川省,VA_tertiary(100million)
滁州市,1993,安徽省,GDP(100million)
滁州市,1993,安徽省,VA_primary(100million)
滁州市,1993,安徽省,VA_secondary(100million)
滁州市,1993,安徽省,VA_tertiary(100million)
林芝市,1994,西藏自治区,GDP(100million)
林芝市,1994,西藏自治区,VA_primary(100million)
林芝市,1994,西藏自治区,VA_secondary(100million)
林芝市,1994,西藏自治区,VA_tertiary(100million)
胡杨河市,1994,新疆维吾尔自治区,GDP(100million)
胡杨河市,1994,新疆维吾尔自治区,VA_primary(100million)
胡杨河市,1994,新疆维吾尔自治区,VA_secondary(100million)
胡杨河市,1994,新疆维吾尔自治区,VA_tertiary(100million)
那曲市,1994,西藏自治区,GDP(100million)
那曲市,1994,西藏自治区,VA_primary(100million)
那曲市,1994,西藏自治区,VA_secondary(100million)
那曲市,1994,西藏自治区,VA_tertiary(100million)
昆玉市,1994,新疆维吾尔自治区,GDP(100million)
昆玉市,1994,新疆维吾尔自治区,VA_primary(100million)
昆玉市,1994,新疆维吾尔自治区,VA_secondary(100million)
昆玉市,1994,新疆维吾尔自治区,VA_tertiary(100million)
海南藏族自治州,1994,青海省,GDP(100million)
海南藏族自治州,1994,青海省,VA_primary(100million)
海南藏族自治州,1994,青海省,VA_secondary(100million)
海南藏族自治州,1994,青海省,VA_tertiary(100million)
阿拉尔市,1994,新疆维吾尔自治区,GDP(100million)
阿拉尔市,1994,新疆维吾尔自治区,VA_primary(100million)
阿拉尔市,1994,新疆维吾尔自治区,VA_secondary(100million)
阿拉尔市,1994,新疆维吾尔自治区,VA_tertiary(100million)
玉树藏族自治州,1994,青海省,GDP(100million)
玉树藏族自治州,1994,青海省,VA_primary(100million)
玉树藏族自治州,1994,青海省,VA_secondary(100million)
玉树藏族自治州,1994,青海省,VA_tertiary(100million)
三沙市,1994,海南省,GDP(100million)
三沙市,1994,海南省,VA_primary(100million)
三沙市,1994,海南省,VA_secondary(100million)
三沙市,1994,海南省,VA_tertiary(100million)
图木舒克市,1994,新疆维吾尔自治区,GDP(100million)
图木舒克市,1994,新疆维吾尔自治区,VA_primary(100million)
图木舒克市,1994,新疆维吾尔自治区,VA_secondary(100million)
图木舒克市,1994,新疆维吾尔自治区,VA_tertiary(100million)
海北藏族自治州,1994,青海省,GDP(100million)
海北藏族自治州,1994,青海省,VA_primary(100million)
海北藏族自治州,1994,青海省,VA_secondary(100million)
海北藏族自治州,1994,青海省,VA_tertiary(100million)
博尔塔拉蒙古自治州,1994,新疆维吾尔自治区,VA_primary(100million)
博尔塔拉蒙古自治州,1994,新疆维吾尔自治区,VA_secondary(100million)
博尔塔拉蒙古自治州,1994,新疆维吾尔自治区,VA_tertiary(100million)
双河市,1994,新疆维吾尔自治区,GDP(100million)
双河市,1994,新疆维吾尔自治区,VA_primary(100million)
双河市,1994,新疆维吾尔自治区,VA_secondary(100million)
双河市,1994,新疆维吾尔自治区,VA_tertiary(100million)
果洛藏族自治州,1994,青海省,GDP(100million)
果洛藏族自治州,1994,青海省,VA_primary(100million)
果洛藏族自治州,1994,青海省,VA_secondary(100million)
果洛藏族自治州,1994,青海省,VA_tertiary(100million)
五家渠市,1994,新疆维吾尔自治区,GDP(100million)
五家渠市,1994,新疆维吾尔自治区,VA_primary(100million)
五家渠市,1994,新疆维吾尔自治区,VA_secondary(100million)
五家渠市,1994,新疆维吾尔自治区,VA_tertiary(100million)
铁门关市,1994,新疆维吾尔自治区,GDP(100million)
铁门关市,1994,新疆维吾尔自治区,VA_primary(100million)
铁门关市,1994,新疆维吾尔自治区,VA_secondary(100million)
铁门关市,1994,新疆维吾尔自治区,VA_tertiary(100million)
海东市,1994,青海省,GDP(100million)
海东市,1994,青海省,VA_primary(100million)
海东市,1994,青海省,VA_secondary(100million)
海东市,1994,青海省,VA_tertiary(100million)
可克达拉市,1994,新疆维吾尔自治区,GDP(100million)
可克达拉市,1994,新疆维吾尔自治区,VA_primary(100million)
可克达拉市,1994,新疆维吾尔自治区,VA_secondary(100million)
可克达拉市,1994,新疆维吾尔自治区,VA_tertiary(100million)
固原市,1994,宁夏回族自治区,GDP(100million)
固原市,1994,宁夏回族自治区,VA_primary(100million)
固原市,1994,宁夏回族自治区,VA_secondary(100million)
固原市,1994,宁夏回族自治区,VA_tertiary(100million)
黄南藏族自治州,1994,青海省,GDP(100million)
黄南藏族自治州,1994,青海省,VA_primary(100million)
黄南藏族自治州,1994,青海省,VA_secondary(100million)
黄南藏族自治州,1994,青海省,VA_tertiary(100million)
贺州市,1994,广西壮族自治区,GDP(100million)
贺州市,1994,广西壮族自治区,VA_primary(100million)
贺州市,1994,广西壮族自治区,VA_secondary(100million)
贺州市,1994,广西壮族自治区,VA_tertiary(100million)
中卫市,1994,宁夏回族自治区,GDP(100million)
中卫市,1994,宁夏回族自治区,VA_secondary(100million)
中卫市,1994,宁夏回族自治区,VA_tertiary(100million)
丽江市,1994,云南省,GDP(100million)
丽江市,1994,云南省,VA_primary(100million)
丽江市,1994,云南省,VA_secondary(100million)
丽江市,1994,云南省,VA_tertiary(100million)
昌都市,1994,西藏自治区,GDP(100million)
昌都市,1994,西藏自治区,VA_primary(100million)
昌都市,1994,西藏自治区,VA_secondary(100million)
昌都市,1994,西藏自治区,VA_tertiary(100million)
克孜勒苏柯尔克孜自治州,1994,新疆维吾尔自治区,GDP(100million)
克孜勒苏柯尔克孜自治州,1994,新疆维吾尔自治区,VA_primary(100million)
克孜勒苏柯尔克孜自治州,1994,新疆维吾尔自治区,VA_secondary(100million)
克孜勒苏柯尔克孜自治州,1994,新疆维吾尔自治区,VA_tertiary(100million)
山南市,1994,西藏自治区,GDP(100million)
山南市,1994,西藏自治区,VA_primary(100million)
山南市,1994,西藏自治区,VA_secondary(100million)
山南市,1994,西藏自治区,VA_tertiary(100million)
阿里地区,1994,西藏自治区,GDP(100million)
阿里地区,1994,西藏自治区,VA_primary(100million)
阿里地区,1994,西藏自治区,VA_secondary(100million)
阿里地区,1994,西藏自治区,VA_tertiary(100million)
池州市,1994,安徽省,GDP(100million)
池州市,1994,安徽省,VA_primary(100million)
池州市,1994,安徽省,VA_secondary(100million)
池州市,1994,安徽省,VA_tertiary(100million)
北屯市,1994,新疆维吾尔自治区,GDP(100million)
北屯市,1994,新疆维吾尔自治区,VA_primary(100million)
北屯市,1994,新疆维吾尔自治区,VA_secondary(100million)
北屯市,1994,新疆维吾尔自治区,VA_tertiary(100million)
海西蒙古族藏族自治州,1994,青海省,GDP(100million)
海西蒙古族藏族自治州,1994,青海省,VA_primary(100million)
海西蒙古族藏族自治州,1994,青海省,VA_secondary(100million)
海西蒙古族藏族自治州,1994,青海省,VA_tertiary(100million)
日喀则市,1994,西藏自治区,GDP(100million)
日喀则市,1994,西藏自治区,VA_primary(100million)
日喀则市,1994,西藏自治区,VA_secondary(100million)
日喀则市,1994,西藏自治区,VA_tertiary(100million)
新星市,1994,新疆维吾尔自治区,GDP(100million)
新星市,1994,新疆维吾尔自治区,VA_primary(100million)
新星市,1994,新疆维吾尔自治区,VA_secondary(100million)
新星市,1994,新疆维吾尔自治区,VA_tertiary(100million)
崇左市,1994,广西壮族自治区,VA_primary(100million)
崇左市,1994,广西壮族自治区,VA_secondary(100million)
崇左市,1994,广西壮族自治区,VA_tertiary(100million)
阿拉尔市,1995,新疆维吾尔自治区,GDP(100million)
阿拉尔市,1995,新疆维吾尔自治区,VA_primary(100million)
阿拉尔市,1995,新疆维吾尔自治区,VA_secondary(100million)
阿拉尔市,1995,新疆维吾尔自治区,VA_tertiary(100million)
海北藏族自治州,1995,青海省,VA_primary(100million)
海北藏族自治州,1995,青海省,VA_secondary(100million)
海北藏族自治州,1995,青海省,VA_tertiary(100million)
玉树藏族自治州,1995,青海省,VA_primary(100million)
玉树藏族自治州,1995,青海省,VA_secondary(100million)
玉树藏族自治州,1995,青海省,VA_tertiary(100million)
海西蒙古族藏族自治州,1995,青海省,VA_primary(100million)
海西蒙古族藏族自治州,1995,青海省,VA_secondary(100million)
海西蒙古族藏族自治州,1995,青海省,VA_tertiary(100million)
双河市,1995,新疆维吾尔自治区,GDP(100million)
双河市,1995,新疆维吾尔自治区,VA_primary(100million)
双河市,1995,新疆维吾尔自治区,VA_secondary(100million)
双河市,1995,新疆维吾尔自治区,VA_tertiary(100million)
铁门关市,1995,新疆维吾尔自治区,GDP(100million)
铁门关市,1995,新疆维吾尔自治区,VA_primary(100million)
铁门关市,1995,新疆维吾尔自治区,VA_secondary(100million)
铁门关市,1995,新疆维吾尔自治区,VA_tertiary(100million)
崇左市,1995,广西壮族自治区,VA_primary(100million)
崇左市,1995,广西壮族自治区,VA_secondary(100million)
崇左市,1995,广西壮族自治区,VA_tertiary(100million)
五家渠市,1995,新疆维吾尔自治区,GDP(100million)
五家渠市,1995,新疆维吾尔自治区,VA_primary(100million)
五家渠市,1995,新疆维吾尔自治区,VA_secondary(100million)
五家渠市,1995,新疆维吾尔自治区,VA_tertiary(100million)
海南藏族自治州,1995,青海省,VA_primary(100million)
海南藏族自治州,1995,青海省,VA_secondary(100million)
海南藏族自治州,1995,青海省,VA_tertiary(100million)
山南市,1995,西藏自治区,GDP(100million)
山南市,1995,西藏自治区,VA_primary(100million)
山南市,1995,西藏自治区,VA_secondary(100million)
山南市,1995,西藏自治区,VA_tertiary(100million)
固原市,1995,宁夏回族自治区,GDP(100million)
固原市,1995,宁夏回族自治区,VA_primary(100million)
固原市,1995,宁夏回族自治区,VA_secondary(100million)
固原市,1995,宁夏回族自治区,VA_tertiary(100million)
海东市,1995,青海省,VA_primary(100million)
海东市,1995,青海省,VA_secondary(100million)
海东市,1995,青海省,VA_tertiary(100million)
可克达拉市,1995,新疆维吾尔自治区,GDP(100million)
可克达拉市,1995,新疆维吾尔自治区,VA_primary(100million)
可克达拉市,1995,新疆维吾尔自治区,VA_secondary(100million)
可克达拉市,1995,新疆维吾尔自治区,VA_tertiary(100million)
胡杨河市,1995,新疆维吾尔自治区,GDP(100million)
胡杨河市,1995,新疆维吾尔自治区,VA_primary(100million)
胡杨河市,1995,新疆维吾尔自治区,VA_secondary(100million)
胡杨河市,1995,新疆维吾尔自治区,VA_tertiary(100million)
吴忠市,1995,宁夏回族自治区,VA_secondary(100million)
吴忠市,1995,宁夏回族自治区,VA_tertiary(100million)
中卫市,1995,宁夏回族自治区,VA_secondary(100million)
中卫市,1995,宁夏回族自治区,VA_tertiary(100million)
林芝市,1995,西藏自治区,GDP(100million)
林芝市,1995,西藏自治区,VA_primary(100million)
林芝市,1995,西藏自治区,VA_secondary(100million)
林芝市,1995,西藏自治区,VA_tertiary(100million)
日喀则市,1995,西藏自治区,GDP(100million)
日喀则市,1995,西藏自治区,VA_primary(100million)
日喀则市,1995,西藏自治区,VA_secondary(100million)
日喀则市,1995,西藏自治区,VA_tertiary(100million)
果洛藏族自治州,1995,青海省,VA_primary(100million)
果洛藏族自治州,1995,青海省,VA_secondary(100million)
果洛藏族自治州,1995,青海省,VA_tertiary(100million)
阿里地区,1995,西藏自治区,GDP(100million)
阿里地区,1995,西藏自治区,VA_primary(100million)
阿里地区,1995,西藏自治区,VA_secondary(100million)
阿里地区,1995,西藏自治区,VA_tertiary(100million)
新星市,1995,新疆维吾尔自治区,GDP(100million)
新星市,1995,新疆维吾尔自治区,VA_primary(100million)
新星市,1995,新疆维吾尔自治区,VA_secondary(100million)
新星市,1995,新疆维吾尔自治区,VA_tertiary(100million)
达州市,1995,四川省,VA_secondary(100million)
达州市,1995,四川省,VA_tertiary(100million)
北屯市,1995,新疆维吾尔自治区,GDP(100million)
北屯市,1995,新疆维吾尔自治区,VA_primary(100million)
北屯市,1995,新疆维吾尔自治区,VA_secondary(100million)
北屯市,1995,新疆维吾尔自治区,VA_tertiary(100million)
昆玉市,1995,新疆维吾尔自治区,GDP(100million)
昆玉市,1995,新疆维吾尔自治区,VA_primary(100million)
昆玉市,1995,新疆维吾尔自治区,VA_secondary(100million)
昆玉市,1995,新疆维吾尔自治区,VA_tertiary(100million)
昌都市,1995,西藏自治区,GDP(100million)
昌都市,1995,西藏自治区,VA_primary(100million)
昌都市,1995,西藏自治区,VA_secondary(100million)
昌都市,1995,西藏自治区,VA_tertiary(100million)
那曲市,1995,西藏自治区,GDP(100million)
那曲市,1995,西藏自治区,VA_primary(100million)
那曲市,1995,西藏自治区,VA_secondary(100million)
那曲市,1995,西藏自治区,VA_tertiary(100million)
贺州市,1995,广西壮族自治区,GDP(100million)
贺州市,1995,广西壮族自治区,VA_primary(100million)
贺州市,1995,广西壮族自治区,VA_secondary(100million)
贺州市,1995,广西壮族自治区,VA_tertiary(100million)
三沙市,1995,海南省,GDP(100million)
三沙市,1995,海南省,VA_primary(100million)
三沙市,1995,海南省,VA_secondary(100million)
三沙市,1995,海南省,VA_tertiary(100million)
黄南藏族自治州,1995,青海省,VA_primary(100million)
黄南藏族自治州,1995,青海省,VA_secondary(100million)
黄南藏族自治州,1995,青海省,VA_tertiary(100million)
图木舒克市,1995,新疆维吾尔自治区,GDP(100million)
图木舒克市,1995,新疆维吾尔自治区,VA_primary(100million)
图木舒克市,1995,新疆维吾尔自治区,VA_secondary(100million)
图木舒克市,1995,新疆维吾尔自治区,VA_tertiary(100million)
昆玉市,1996,新疆维吾尔自治区,GDP(100million)
昆玉市,1996,新疆维吾尔自治区,VA_primary(100million)
昆玉市,1996,新疆维吾尔自治区,VA_secondary(100million)
昆玉市,1996,新疆维吾尔自治区,VA_tertiary(100million)
阿里地区,1996,西藏自治区,GDP(100million)
阿里地区,1996,西藏自治区,VA_primary(100million)
阿里地区,1996,西藏自治区,VA_secondary(100million)
阿里地区,1996,西藏自治区,VA_tertiary(100million)
达州市,1996,四川省,VA_primary(100million)
达州市,1996,四川省,VA_secondary(100million)
达州市,1996,四川省,VA_tertiary(100million)
昌都市,1996,西藏自治区,GDP(100million)
昌都市,1996,西藏自治区,VA_primary(100million)
昌都市,1996,西藏自治区,VA_secondary(100million)
昌都市,1996,西藏自治区,VA_tertiary(100million)
中卫市,1996,宁夏回族自治区,VA_primary(100million)
中卫市,1996,宁夏回族自治区,VA_secondary(100million)
中卫市,1996,宁夏回族自治区,VA_tertiary(100million)
海西蒙古族藏族自治州,1996,青海省,VA_primary(100million)
海西蒙古族藏族自治州,1996,青海省,VA_secondary(100million)
海西蒙古族藏族自治州,1996,青海省,VA_tertiary(100million)
阿拉尔市,1996,新疆维吾尔自治区,GDP(100million)
阿拉尔市,1996,新疆维吾尔自治区,VA_primary(100million)
阿拉尔市,1996,新疆维吾尔自治区,VA_secondary(100million)
阿拉尔市,1996,新疆维吾尔自治区,VA_tertiary(100million)
那曲市,1996,西藏自治区,GDP(100million)
那曲市,1996,西藏自治区,VA_primary(100million)
那曲市,1996,西藏自治区,VA_secondary(100million)
那曲市,1996,西藏自治区,VA_tertiary(100million)
滁州市,1996,安徽省,VA_primary(100million)
滁州市,1996,安徽省,VA_secondary(100million)
滁州市,1996,安徽省,VA_tertiary(100million)
铁门关市,1996,新疆维吾尔自治区,GDP(100million)
铁门关市,1996,新疆维吾尔自治区,VA_primary(100million)
铁门关市,1996,新疆维吾尔自治区,VA_secondary(100million)
铁门关市,1996,新疆维吾尔自治区,VA_tertiary(100million)
海北藏族自治州,1996,青海省,VA_primary(100million)
海北藏族自治州,1996,青海省,VA_secondary(100million)
海北藏族自治州,1996,青海省,VA_tertiary(100million)
海东市,1996,青海省,VA_primary(100million)
海东市,1996,青海省,VA_secondary(100million)
海东市,1996,青海省,VA_tertiary(100million)
海南藏族自治州,1996,青海省,VA_primary(100million)
海南藏族自治州,1996,青海省,VA_secondary(100million)
海南藏族自治州,1996,青海省,VA_tertiary(100million)
日喀则市,1996,西藏自治区,GDP(100million)
日喀则市,1996,西藏自治区,VA_primary(100million)
日喀则市,1996,西藏自治区,VA_secondary(100million)
日喀则市,1996,西藏自治区,VA_tertiary(100million)
新星市,1996,新疆维吾尔自治区,GDP(100million)
新星市,1996,新疆维吾尔自治区,VA_primary(100million)
新星市,1996,新疆维吾尔自治区,VA_secondary(100million)
新星市,1996,新疆维吾尔自治区,VA_tertiary(100million)
林芝市,1996,西藏自治区,GDP(100million)
林芝市,1996,西藏自治区,VA_primary(100million)
林芝市,1996,西藏自治区,VA_secondary(100million)
林芝市,1996,西藏自治区,VA_tertiary(100million)
胡杨河市,1996,新疆维吾尔自治区,GDP(100million)
胡杨河市,1996,新疆维吾尔自治区,VA_primary(100million)
胡杨河市,1996,新疆维吾尔自治区,VA_secondary(100million)
胡杨河市,1996,新疆维吾尔自治区,VA_tertiary(100million)
果洛藏族自治州,1996,青海省,VA_primary(100million)
果洛藏族自治州,1996,青海省,VA_secondary(100million)
果洛藏族自治州,1996,青海省,VA_tertiary(100million)
蚌埠市,1996,安徽省,VA_primary(100million)
蚌埠市,1996,安徽省,VA_secondary(100million)
蚌埠市,1996,安徽省,VA_tertiary(100million)
双河市,1996,新疆维吾尔自治区,GDP(100million)
双河市,1996,新疆维吾尔自治区,VA_primary(100million)
双河市,1996,新疆维吾尔自治区,VA_secondary(100million)
双河市,1996,新疆维吾尔自治区,VA_tertiary(100million)
三沙市,1996,海南省,GDP(100million)
三沙市,1996,海南省,VA_primary(100million)
三沙市,1996,海南省,VA_secondary(100million)
三沙市,1996,海南省,VA_tertiary(100million)
图木舒克市,1996,新疆维吾尔自治区,GDP(100million)
图木舒克市,1996,新疆维吾尔自治区,VA_primary(100million)
图木舒克市,1996,新疆维吾尔自治区,VA_secondary(100million)
图木舒克市,1996,新疆维吾尔自治区,VA_tertiary(100million)
黄南藏族自治州,1996,青海省,VA_primary(100million)
黄南藏族自治州,1996,青海省,VA_secondary(100million)
黄南藏族自治州,1996,青海省,VA_tertiary(100million)
固原市,1996,宁夏回族自治区,GDP(100million)
固原市,1996,宁夏回族自治区,VA_primary(100million)
固原市,1996,宁夏回族自治区,VA_secondary(100million)
固原市,1996,宁夏回族自治区,VA_tertiary(100million)
可克达拉市,1996,新疆维吾尔自治区,GDP(100million)
可克达拉市,1996,新疆维吾尔自治区,VA_primary(100million)
可克达拉市,1996,新疆维吾尔自治区,VA_secondary(100million)
可克达拉市,1996,新疆维吾尔自治区,VA_tertiary(100million)
马鞍山市,1996,安徽省,VA_primary(100million)
马鞍山市,1996,安徽省,VA_secondary(100million)
马鞍山市,1996,安徽省,VA_tertiary(100million)
芜湖市,1996,安徽省,VA_primary(100million)
芜湖市,1996,安徽省,VA_secondary(100million)
芜湖市,1996,安徽省,VA_tertiary(100million)
玉树藏族自治州,1996,青海省,VA_primary(100million)
玉树藏族自治州,1996,青海省,VA_secondary(100million)
玉树藏族自治州,1996,青海省,VA_tertiary(100million)
阜阳市,1996,安徽省,VA_primary(100million)
阜阳市,1996,安徽省,VA_secondary(100million)
阜阳市,1996,安徽省,VA_tertiary(100million)
崇左市,1996,广西壮族自治区,VA_primary(100million)
崇左市,1996,广西壮族自治区,VA_secondary(100million)
崇左市,1996,广西壮族自治区,VA_tertiary(100million)
贺州市,1996,广西壮族自治区,GDP(100million)
贺州市,1996,广西壮族自治区,VA_primary(100million)
贺州市,1996,广西壮族自治区,VA_secondary(100million)
贺州市,1996,广西壮族自治区,VA_tertiary(100million)
吴忠市,1996,宁夏回族自治区,VA_primary(100million)
吴忠市,1996,宁夏回族自治区,VA_secondary(100million)
吴忠市,1996,宁夏回族自治区,VA_tertiary(100million)
山南市,1996,西藏自治区,GDP(100million)
山南市,1996,西藏自治区,VA_primary(100million)
山南市,1996,西藏自治区,VA_secondary(100million)
山南市,1996,西藏自治区,VA_tertiary(100million)
北屯市,1996,新疆维吾尔自治区,GDP(100million)
北屯市,1996,新疆维吾尔自治区,VA_primary(100million)
北屯市,1996,新疆维吾尔自治区,VA_secondary(100million)
北屯市,1996,新疆维吾尔自治区,VA_tertiary(100million)
五家渠市,1996,新疆维吾尔自治区,GDP(100million)
五家渠市,1996,新疆维吾尔自治区,VA_primary(100million)
五家渠市,1996,新疆维吾尔自治区,VA_secondary(100million)
五家渠市,1996,新疆维吾尔自治区,VA_tertiary(100million)
玉树藏族自治州,1997,青海省,VA_primary(100million)
玉树藏族自治州,1997,青海省,VA_secondary(100million)
玉树藏族自治州,1997,青海省,VA_tertiary(100million)
中卫市,1997,宁夏回族自治区,VA_primary(100million)
中卫市,1997,宁夏回族自治区,VA_secondary(100million)
中卫市,1997,宁夏回族自治区,VA_tertiary(100million)
海西蒙古族藏族自治州,1997,青海省,VA_primary(100million)
海西蒙古族藏族自治州,1997,青海省,VA_secondary(100million)
海西蒙古族藏族自治州,1997,青海省,VA_tertiary(100million)
图木舒克市,1997,新疆维吾尔自治区,GDP(100million)
图木舒克市,1997,新疆维吾尔自治区,VA_primary(100million)
图木舒克市,1997,新疆维吾尔自治区,VA_secondary(100million)
图木舒克市,1997,新疆维吾尔自治区,VA_tertiary(100million)
阿拉尔市,1997,新疆维吾尔自治区,GDP(100million)
阿拉尔市,1997,新疆维吾尔自治区,VA_primary(100million)
阿拉尔市,1997,新疆维吾尔自治区,VA_secondary(100million)
阿拉尔市,1997,新疆维吾尔自治区,VA_tertiary(100million)
海北藏族自治州,1997,青海省,VA_primary(100million)
海北藏族自治州,1997,青海省,VA_secondary(100million)
海北藏族自治州,1997,青海省,VA_tertiary(100million)
五家渠市,1997,新疆维吾尔自治区,GDP(100million)
五家渠市,1997,新疆维吾尔自治区,VA_primary(100million)
五家渠市,1997,新疆维吾尔自治区,VA_secondary(100million)
五家渠市,1997,新疆维吾尔自治区,VA_tertiary(100million)
海南藏族自治州,1997,青海省,VA_primary(100million)
海南藏族自治州,1997,青海省,VA_secondary(100million)
海南藏族自治州,1997,青海省,VA_tertiary(100million)
固原市,1997,宁夏回族自治区,GDP(100million)
固原市,1997,宁夏回族自治区,VA_primary(100million)
固原市,1997,宁夏回族自治区,VA_secondary(100million)
固原市,1997,宁夏回族自治区,VA_tertiary(100million)
滁州市,1997,安徽省,VA_primary(100million)
滁州市,1997,安徽省,VA_secondary(100million)
滁州市,1997,安徽省,VA_tertiary(100million)
阿里地区,1997,西藏自治区,GDP(100million)
阿里地区,1997,西藏自治区,VA_primary(100million)
阿里地区,1997,西藏自治区,VA_secondary(100million)
阿里地区,1997,西藏自治区,VA_tertiary(100million)
昆玉市,1997,新疆维吾尔自治区,GDP(100million)
昆玉市,1997,新疆维吾尔自治区,VA_primary(100million)
昆玉市,1997,新疆维吾尔自治区,VA_secondary(100million)
昆玉市,1997,新疆维吾尔自治区,VA_tertiary(100million)
黄南藏族自治州,1997,青海省,VA_primary(100million)
黄南藏族自治州,1997,青海省,VA_secondary(100million)
黄南藏族自治州,1997,青海省,VA_tertiary(100million)
马鞍山市,1997,安徽省,VA_primary(100million)
马鞍山市,1997,安徽省,VA_secondary(100million)
马鞍山市,1997,安徽省,VA_tertiary(100million)
蚌埠市,1997,安徽省,VA_primary(100million)
蚌埠市,1997,安徽省,VA_secondary(100million)
蚌埠市,1997,安徽省,VA_tertiary(100million)
芜湖市,1997,安徽省,VA_primary(100million)
芜湖市,1997,安徽省,VA_secondary(100million)
芜湖市,1997,安徽省,VA_tertiary(100million)
可克达拉市,1997,新疆维吾尔自治区,GDP(100million)
可克达拉市,1997,新疆维吾尔自治区,VA_primary(100million)
可克达拉市,1997,新疆维吾尔自治区,VA_secondary(100million)
可克达拉市,1997,新疆维吾尔自治区,VA_tertiary(100million)
日喀则市,1997,西藏自治区,GDP(100million)
日喀则市,1997,西藏自治区,VA_primary(100million)
日喀则市,1997,西藏自治区,VA_secondary(100million)
日喀则市,1997,西藏自治区,VA_tertiary(100million)
双河市,1997,新疆维吾尔自治区,GDP(100million)
双河市,1997,新疆维吾尔自治区,VA_primary(100million)
双河市,1997,新疆维吾尔自治区,VA_secondary(100million)
双河市,1997,新疆维吾尔自治区,VA_tertiary(100million)
三沙市,1997,海南省,GDP(100million)
三沙市,1997,海南省,VA_primary(100million)
三沙市,1997,海南省,VA_secondary(100million)
三沙市,1997,海南省,VA_tertiary(100million)
果洛藏族自治州,1997,青海省,VA_primary(100million)
果洛藏族自治州,1997,青海省,VA_secondary(100million)
果洛藏族自治州,1997,青海省,VA_tertiary(100million)
阜阳市,1997,安徽省,VA_primary(100million)
阜阳市,1997,安徽省,VA_secondary(100million)
阜阳市,1997,安徽省,VA_tertiary(100million)
北屯市,1997,新疆维吾尔自治区,GDP(100million)
北屯市,1997,新疆维吾尔自治区,VA_primary(100million)
北屯市,1997,新疆维吾尔自治区,VA_secondary(100million)
北屯市,1997,新疆维吾尔自治区,VA_tertiary(100million)
贺州市,1997,广西壮族自治区,VA_primary(100million)
贺州市,1997,广西壮族自治区,VA_secondary(100million)
贺州市,1997,广西壮族自治区,VA_tertiary(100million)
林芝市,1997,西藏自治区,GDP(100million)
林芝市,1997,西藏自治区,VA_primary(100million)
林芝市,1997,西藏自治区,VA_secondary(100million)
林芝市,1997,西藏自治区,VA_tertiary(100million)
达州市,1997,四川省,VA_primary(100million)
达州市,1997,四川省,VA_secondary(100million)
达州市,1997,四川省,VA_tertiary(100million)
昌都市,1997,西藏自治区,GDP(100million)
昌都市,1997,西藏自治区,VA_primary(100million)
昌都市,1997,西藏自治区,VA_secondary(100million)
昌都市,1997,西藏自治区,VA_tertiary(100million)
那曲市,1997,西藏自治区,GDP(100million)
那曲市,1997,西藏自治区,VA_primary(100million)
那曲市,1997,西藏自治区,VA_secondary(100million)
那曲市,1997,西藏自治区,VA_tertiary(100million)
铁门关市,1997,新疆维吾尔自治区,GDP(100million)
铁门关市,1997,新疆维吾尔自治区,VA_primary(100million)
铁门关市,1997,新疆维吾尔自治区,VA_secondary(100million)
铁门关市,1997,新疆维吾尔自治区,VA_tertiary(100million)
海东市,1997,青海省,VA_primary(100million)
海东市,1997,青海省,VA_secondary(100million)
海东市,1997,青海省,VA_tertiary(100million)
胡杨河市,1997,新疆维吾尔自治区,GDP(100million)
胡杨河市,1997,新疆维吾尔自治区,VA_primary(100million)
胡杨河市,1997,新疆维吾尔自治区,VA_secondary(100million)
胡杨河市,1997,新疆维吾尔自治区,VA_tertiary(100million)
新星市,1997,新疆维吾尔自治区,GDP(100million)
新星市,1997,新疆维吾尔自治区,VA_primary(100million)
新星市,1997,新疆维吾尔自治区,VA_secondary(100million)
新星市,1997,新疆维吾尔自治区,VA_tertiary(100million)
山南市,1997,西藏自治区,GDP(100million)
山南市,1997,西藏自治区,VA_primary(100million)
山南市,1997,西藏自治区,VA_secondary(100million)
山南市,1997,西藏自治区,VA_tertiary(100million)
崇左市,1997,广西壮族自治区,VA_primary(100million)
崇左市,1997,广西壮族自治区,VA_secondary(100million)
崇左市,1997,广西壮族自治区,VA_tertiary(100million)
吴忠市,1997,宁夏回族自治区,VA_primary(100million)
吴忠市,1997,宁夏回族自治区,VA_secondary(100million)
吴忠市,1997,宁夏回族自治区,VA_tertiary(100million)
新星市,1998,新疆维吾尔自治区,GDP(100million)
新星市,1998,新疆维吾尔自治区,VA_primary(100million)
新星市,1998,新疆维吾尔自治区,VA_secondary(100million)
新星市,1998,新疆维吾尔自治区,VA_tertiary(100million)
昆玉市,1998,新疆维吾尔自治区,GDP(100million)
昆玉市,1998,新疆维吾尔自治区,VA_primary(100million)
昆玉市,1998,新疆维吾尔自治区,VA_secondary(100million)
昆玉市,1998,新疆维吾尔自治区,VA_tertiary(100million)
崇左市,1998,广西壮族自治区,GDP(100million)
崇左市,1998,广西壮族自治区,VA_primary(100million)
崇左市,1998,广西壮族自治区,VA_secondary(100million)
崇左市,1998,广西壮族自治区,VA_tertiary(100million)
海西蒙古族藏族自治州,1998,青海省,VA_primary(100million)
海西蒙古族藏族自治州,1998,青海省,VA_secondary(100million)
海西蒙古族藏族自治州,1998,青海省,VA_tertiary(100million)
海东市,1998,青海省,VA_primary(100million)
海东市,1998,青海省,VA_secondary(100million)
海东市,1998,青海省,VA_tertiary(100million)
海北藏族自治州,1998,青海省,VA_primary(100million)
海北藏族自治州,1998,青海省,VA_secondary(100million)
海北藏族自治州,1998,青海省,VA_tertiary(100million)
铁门关市,1998,新疆维吾尔自治区,GDP(100million)
铁门关市,1998,新疆维吾尔自治区,VA_primary(100million)
铁门关市,1998,新疆维吾尔自治区,VA_secondary(100million)
铁门关市,1998,新疆维吾尔自治区,VA_tertiary(100million)
海南藏族自治州,1998,青海省,VA_primary(100million)
海南藏族自治州,1998,青海省,VA_secondary(100million)
海南藏族自治州,1998,青海省,VA_tertiary(100million)
三沙市,1998,海南省,GDP(100million)
三沙市,1998,海南省,VA_primary(100million)
三沙市,1998,海南省,VA_secondary(100million)
三沙市,1998,海南省,VA_tertiary(100million)
果洛藏族自治州,1998,青海省,VA_primary(100million)
果洛藏族自治州,1998,青海省,VA_secondary(100million)
果洛藏族自治州,1998,青海省,VA_tertiary(100million)
可克达拉市,1998,新疆维吾尔自治区,GDP(100million)
可克达拉市,1998,新疆维吾尔自治区,VA_primary(100million)
可克达拉市,1998,新疆维吾尔自治区,VA_secondary(100million)
可克达拉市,1998,新疆维吾尔自治区,VA_tertiary(100million)
阿拉尔市,1998,新疆维吾尔自治区,GDP(100million)
阿拉尔市,1998,新疆维吾尔自治区,VA_primary(100million)
阿拉尔市,1998,新疆维吾尔自治区,VA_secondary(100million)
阿拉尔市,1998,新疆维吾尔自治区,VA_tertiary(100million)
图木舒克市,1998,新疆维吾尔自治区,GDP(100million)
图木舒克市,1998,新疆维吾尔自治区,VA_primary(100million)
图木舒克市,1998,新疆维吾尔自治区,VA_secondary(100million)
图木舒克市,1998,新疆维吾尔自治区,VA_tertiary(100million)
双河市,1998,新疆维吾尔自治区,GDP(100million)
双河市,1998,新疆维吾尔自治区,VA_primary(100million)
双河市,1998,新疆维吾尔自治区,VA_secondary(100million)
双河市,1998,新疆维吾尔自治区,VA_tertiary(100million)
五家渠市,1998,新疆维吾尔自治区,GDP(100million)
五家渠市,1998,新疆维吾尔自治区,VA_primary(100million)
五家渠市,1998,新疆维吾尔自治区,VA_secondary(100million)
五家渠市,1998,新疆维吾尔自治区,VA_tertiary(100million)
达州市,1998,四川省,VA_primary(100million)
达州市,1998,四川省,VA_secondary(100million)
达州市,1998,四川省,VA_tertiary(100million)
胡杨河市,1998,新疆维吾尔自治区,GDP(100million)
胡杨河市,1998,新疆维吾尔自治区,VA_primary(100million)
胡杨河市,1998,新疆维吾尔自治区,VA_secondary(100million)
胡杨河市,1998,新疆维吾尔自治区,VA_tertiary(100million)
中卫市,1998,宁夏回族自治区,VA_primary(100million)
中卫市,1998,宁夏回族自治区,VA_secondary(100million)
中卫市,1998,宁夏回族自治区,VA_tertiary(100million)
玉树藏族自治州,1998,青海省,VA_primary(100million)
玉树藏族自治州,1998,青海省,VA_secondary(100million)
玉树藏族自治州,1998,青海省,VA_tertiary(100million)
固原市,1998,宁夏回族自治区,GDP(100million)
固原市,1998,宁夏回族自治区,VA_primary(100million)
固原市,1998,宁夏回族自治区,VA_secondary(100million)
固原市,1998,宁夏回族自治区,VA_tertiary(100million)
北屯市,1998,新疆维吾尔自治区,GDP(100million)
北屯市,1998,新疆维吾尔自治区,VA_primary(100million)
北屯市,1998,新疆维吾尔自治区,VA_secondary(100million)
北屯市,1998,新疆维吾尔自治区,VA_tertiary(100million)
吴忠市,1998,宁夏回族自治区,VA_primary(100million)
吴忠市,1998,宁夏回族自治区,VA_secondary(100million)
吴忠市,1998,宁夏回族自治区,VA_tertiary(100million)
贺州市,1998,广西壮族自治区,VA_primary(100million)
贺州市,1998,广西壮族自治区,VA_secondary(100million)
贺州市,1998,广西壮族自治区,VA_tertiary(100million)
黄南藏族自治州,1998,青海省,VA_primary(100million)
黄南藏族自治州,1998,青海省,VA_secondary(100million)
黄南藏族自治州,1998,青海省,VA_tertiary(100million)
海东市,1999,青海省,VA_primary(100million)
海东市,1999,青海省,VA_secondary(100million)
海东市,1999,青海省,VA_tertiary(100million)
海南藏族自治州,1999,青海省,VA_primary(100million)
海南藏族自治州,1999,青海省,VA_secondary(100million)
海南藏族自治州,1999,青海省,VA_tertiary(100million)
海北藏族自治州,1999,青海省,VA_primary(100million)
海北藏族自治州,1999,青海省,VA_secondary(100million)
海北藏族自治州,1999,青海省,VA_tertiary(100million)
崇左市,1999,广西壮族自治区,GDP(100million)
崇左市,1999,广西壮族自治区,VA_primary(100million)
崇左市,1999,广西壮族自治区,VA_secondary(100million)
崇左市,1999,广西壮族自治区,VA_tertiary(100million)
吴忠市,1999,宁夏回族自治区,VA_tertiary(100million)
北屯市,1999,新疆维吾尔自治区,GDP(100million)
北屯市,1999,新疆维吾尔自治区,VA_primary(100million)
北屯市,1999,新疆维吾尔自治区,VA_secondary(100million)
北屯市,1999,新疆维吾尔自治区,VA_tertiary(100million)
铁门关市,1999,新疆维吾尔自治区,GDP(100million)
铁门关市,1999,新疆维吾尔自治区,VA_primary(100million)
铁门关市,1999,新疆维吾尔自治区,VA_secondary(100million)
铁门关市,1999,新疆维吾尔自治区,VA_tertiary(100million)
三沙市,1999,海南省,GDP(100million)
三沙市,1999,海南省,VA_primary(100million)
三沙市,1999,海南省,VA_secondary(100million)
三沙市,1999,海南省,VA_tertiary(100million)
双河市,1999,新疆维吾尔自治区,GDP(100million)
双河市,1999,新疆维吾尔自治区,VA_primary(100million)
双河市,1999,新疆维吾尔自治区,VA_secondary(100million)
双河市,1999,新疆维吾尔自治区,VA_tertiary(100million)
新星市,1999,新疆维吾尔自治区,GDP(100million)
新星市,1999,新疆维吾尔自治区,VA_primary(100million)
新星市,1999,新疆维吾尔自治区,VA_secondary(100million)
新星市,1999,新疆维吾尔自治区,VA_tertiary(100million)
黄南藏族自治州,1999,青海省,VA_primary(100million)
黄南藏族自治州,1999,青海省,VA_secondary(100million)
黄南藏族自治州,1999,青海省,VA_tertiary(100million)
阿拉尔市,1999,新疆维吾尔自治区,GDP(100million)
阿拉尔市,1999,新疆维吾尔自治区,VA_primary(100million)
阿拉尔市,1999,新疆维吾尔自治区,VA_secondary(100million)
阿拉尔市,1999,新疆维吾尔自治区,VA_tertiary(100million)
固原市,1999,宁夏回族自治区,GDP(100million)
固原市,1999,宁夏回族自治区,VA_primary(100million)
固原市,1999,宁夏回族自治区,VA_secondary(100million)
固原市,1999,宁夏回族自治区,VA_tertiary(100million)
海西蒙古族藏族自治州,1999,青海省,VA_primary(100million)
海西蒙古族藏族自治州,1999,青海省,VA_secondary(100million)
海西蒙古族藏族自治州,1999,青海省,VA_tertiary(100million)
五家渠市,1999,新疆维吾尔自治区,GDP(100million)
五家渠市,1999,新疆维吾尔自治区,VA_primary(100million)
五家渠市,1999,新疆维吾尔自治区,VA_secondary(100million)
五家渠市,1999,新疆维吾尔自治区,VA_tertiary(100million)
玉树藏族自治州,1999,青海省,VA_primary(100million)
玉树藏族自治州,1999,青海省,VA_secondary(100million)
玉树藏族自治州,1999,青海省,VA_tertiary(100million)
图木舒克市,1999,新疆维吾尔自治区,GDP(100million)
图木舒克市,1999,新疆维吾尔自治区,VA_primary(100million)
图木舒克市,1999,新疆维吾尔自治区,VA_secondary(100million)
图木舒克市,1999,新疆维吾尔自治区,VA_tertiary(100million)
果洛藏族自治州,1999,青海省,VA_primary(100million)
果洛藏族自治州,1999,青海省,VA_secondary(100million)
果洛藏族自治州,1999,青海省,VA_tertiary(100million)
昆玉市,1999,新疆维吾尔自治区,GDP(100million)
昆玉市,1999,新疆维吾尔自治区,VA_primary(100million)
昆玉市,1999,新疆维吾尔自治区,VA_secondary(100million)
昆玉市,1999,新疆维吾尔自治区,VA_tertiary(100million)
可克达拉市,1999,新疆维吾尔自治区,GDP(100million)
可克达拉市,1999,新疆维吾尔自治区,VA_primary(100million)
可克达拉市,1999,新疆维吾尔自治区,VA_secondary(100million)
可克达拉市,1999,新疆维吾尔自治区,VA_tertiary(100million)
胡杨河市,1999,新疆维吾尔自治区,GDP(100million)
胡杨河市,1999,新疆维吾尔自治区,VA_primary(100million)
胡杨河市,1999,新疆维吾尔自治区,VA_secondary(100million)
胡杨河市,1999,新疆维吾尔自治区,VA_tertiary(100million)
胡杨河市,2000,新疆维吾尔自治区,GDP(100million)
胡杨河市,2000,新疆维吾尔自治区,VA_primary(100million)
胡杨河市,2000,新疆维吾尔自治区,VA_secondary(100million)
胡杨河市,2000,新疆维吾尔自治区,VA_tertiary(100million)
北屯市,2000,新疆维吾尔自治区,GDP(100million)
北屯市,2000,新疆维吾尔自治区,VA_primary(100million)
北屯市,2000,新疆维吾尔自治区,VA_secondary(100million)
北屯市,2000,新疆维吾尔自治区,VA_tertiary(100million)
吴忠市,2000,宁夏回族自治区,VA_tertiary(100million)
可克达拉市,2000,新疆维吾尔自治区,GDP(100million)
可克达拉市,2000,新疆维吾尔自治区,VA_primary(100million)
可克达拉市,2000,新疆维吾尔自治区,VA_secondary(100million)
可克达拉市,2000,新疆维吾尔自治区,VA_tertiary(100million)
果洛藏族自治州,2000,青海省,VA_primary(100million)
果洛藏族自治州,2000,青海省,VA_secondary(100million)
果洛藏族自治州,2000,青海省,VA_tertiary(100million)
黄南藏族自治州,2000,青海省,VA_primary(100million)
黄南藏族自治州,2000,青海省,VA_secondary(100million)
黄南藏族自治州,2000,青海省,VA_tertiary(100million)
双河市,2000,新疆维吾尔自治区,GDP(100million)
双河市,2000,新疆维吾尔自治区,VA_primary(100million)
双河市,2000,新疆维吾尔自治区,VA_secondary(100million)
双河市,2000,新疆维吾尔自治区,VA_tertiary(100million)
三沙市,2000,海南省,GDP(100million)
三沙市,2000,海南省,VA_primary(100million)
三沙市,2000,海南省,VA_secondary(100million)
三沙市,2000,海南省,VA_tertiary(100million)
固原市,2000,宁夏回族自治区,GDP(100million)
固原市,2000,宁夏回族自治区,VA_primary(100million)
固原市,2000,宁夏回族自治区,VA_secondary(100million)
固原市,2000,宁夏回族自治区,VA_tertiary(100million)
阿拉尔市,2000,新疆维吾尔自治区,GDP(100million)
阿拉尔市,2000,新疆维吾尔自治区,VA_primary(100million)
阿拉尔市,2000,新疆维吾尔自治区,VA_secondary(100million)
阿拉尔市,2000,新疆维吾尔自治区,VA_tertiary(100million)
图木舒克市,2000,新疆维吾尔自治区,GDP(100million)
图木舒克市,2000,新疆维吾尔自治区,VA_primary(100million)
图木舒克市,2000,新疆维吾尔自治区,VA_secondary(100million)
图木舒克市,2000,新疆维吾尔自治区,VA_tertiary(100million)
玉树藏族自治州,2000,青海省,VA_primary(100million)
玉树藏族自治州,2000,青海省,VA_secondary(100million)
玉树藏族自治州,2000,青海省,VA_tertiary(100million)
海南藏族自治州,2000,青海省,VA_primary(100million)
海南藏族自治州,2000,青海省,VA_secondary(100million)
海南藏族自治州,2000,青海省,VA_tertiary(100million)
海北藏族自治州,2000,青海省,VA_primary(100million)
海北藏族自治州,2000,青海省,VA_secondary(100million)
海北藏族自治州,2000,青海省,VA_tertiary(100million)
海西蒙古族藏族自治州,2000,青海省,VA_primary(100million)
海西蒙古族藏族自治州,2000,青海省,VA_secondary(100million)
海西蒙古族藏族自治州,2000,青海省,VA_tertiary(100million)
五家渠市,2000,新疆维吾尔自治区,GDP(100million)
五家渠市,2000,新疆维吾尔自治区,VA_primary(100million)
五家渠市,2000,新疆维吾尔自治区,VA_secondary(100million)
五家渠市,2000,新疆维吾尔自治区,VA_tertiary(100million)
昆玉市,2000,新疆维吾尔自治区,GDP(100million)
昆玉市,2000,新疆维吾尔自治区,VA_primary(100million)
昆玉市,2000,新疆维吾尔自治区,VA_secondary(100million)
昆玉市,2000,新疆维吾尔自治区,VA_tertiary(100million)
新星市,2000,新疆维吾尔自治区,GDP(100million)
新星市,2000,新疆维吾尔自治区,VA_primary(100million)
新星市,2000,新疆维吾尔自治区,VA_secondary(100million)
新星市,2000,新疆维吾尔自治区,VA_tertiary(100million)
铁门关市,2000,新疆维吾尔自治区,GDP(100million)
铁门关市,2000,新疆维吾尔自治区,VA_primary(100million)
铁门关市,2000,新疆维吾尔自治区,VA_secondary(100million)
铁门关市,2000,新疆维吾尔自治区,VA_tertiary(100million)
海东市,2000,青海省,VA_primary(100million)
海东市,2000,青海省,VA_secondary(100million)
海东市,2000,青海省,VA_tertiary(100million)
北屯市,2001,新疆维吾尔自治区,GDP(100million)
北屯市,2001,新疆维吾尔自治区,VA_primary(100million)
北屯市,2001,新疆维吾尔自治区,VA_secondary(100million)
北屯市,2001,新疆维吾尔自治区,VA_tertiary(100million)
昆玉市,2001,新疆维吾尔自治区,GDP(100million)
昆玉市,2001,新疆维吾尔自治区,VA_primary(100million)
昆玉市,2001,新疆维吾尔自治区,VA_secondary(100million)
昆玉市,2001,新疆维吾尔自治区,VA_tertiary(100million)
果洛藏族自治州,2001,青海省,VA_primary(100million)
果洛藏族自治州,2001,青海省,VA_secondary(100million)
果洛藏族自治州,2001,青海省,VA_tertiary(100million)
新星市,2001,新疆维吾尔自治区,GDP(100million)
新星市,2001,新疆维吾尔自治区,VA_primary(100million)
新星市,2001,新疆维吾尔自治区,VA_secondary(100million)
新星市,2001,新疆维吾尔自治区,VA_tertiary(100million)
铁门关市,2001,新疆维吾尔自治区,GDP(100million)
铁门关市,2001,新疆维吾尔自治区,VA_primary(100million)
铁门关市,2001,新疆维吾尔自治区,VA_secondary(100million)
铁门关市,2001,新疆维吾尔自治区,VA_tertiary(100million)
五家渠市,2001,新疆维吾尔自治区,GDP(100million)
五家渠市,2001,新疆维吾尔自治区,VA_primary(100million)
五家渠市,2001,新疆维吾尔自治区,VA_secondary(100million)
五家渠市,2001,新疆维吾尔自治区,VA_tertiary(100million)
胡杨河市,2001,新疆维吾尔自治区,GDP(100million)
胡杨河市,2001,新疆维吾尔自治区,VA_primary(100million)
胡杨河市,2001,新疆维吾尔自治区,VA_secondary(100million)
胡杨河市,2001,新疆维吾尔自治区,VA_tertiary(100million)
海西蒙古族藏族自治州,2001,青海省,VA_primary(100million)
海西蒙古族藏族自治州,2001,青海省,VA_secondary(100million)
海西蒙古族藏族自治州,2001,青海省,VA_tertiary(100million)
崇左市,2001,广西壮族自治区,VA_primary(100million)
崇左市,2001,广西壮族自治区,VA_secondary(100million)
崇左市,2001,广西壮族自治区,VA_tertiary(100million)
海北藏族自治州,2001,青海省,VA_primary(100million)
海北藏族自治州,2001,青海省,VA_secondary(100million)
海北藏族自治州,2001,青海省,VA_tertiary(100million)
阿拉尔市,2001,新疆维吾尔自治区,GDP(100million)
阿拉尔市,2001,新疆维吾尔自治区,VA_primary(100million)
阿拉尔市,2001,新疆维吾尔自治区,VA_secondary(100million)
阿拉尔市,2001,新疆维吾尔自治区,VA_tertiary(100million)
固原市,2001,宁夏回族自治区,GDP(100million)
固原市,2001,宁夏回族自治区,VA_primary(100million)
固原市,2001,宁夏回族自治区,VA_secondary(100million)
固原市,2001,宁夏回族自治区,VA_tertiary(100million)
双河市,2001,新疆维吾尔自治区,GDP(100million)
双河市,2001,新疆维吾尔自治区,VA_primary(100million)
双河市,2001,新疆维吾尔自治区,VA_secondary(100million)
双河市,2001,新疆维吾尔自治区,VA_tertiary(100million)
黄南藏族自治州,2001,青海省,VA_primary(100million)
黄南藏族自治州,2001,青海省,VA_secondary(100million)
黄南藏族自治州,2001,青海省,VA_tertiary(100million)
图木舒克市,2001,新疆维吾尔自治区,GDP(100million)
图木舒克市,2001,新疆维吾尔自治区,VA_primary(100million)
图木舒克市,2001,新疆维吾尔自治区,VA_secondary(100million)
图木舒克市,2001,新疆维吾尔自治区,VA_tertiary(100million)
可克达拉市,2001,新疆维吾尔自治区,GDP(100million)
可克达拉市,2001,新疆维吾尔自治区,VA_primary(100million)
可克达拉市,2001,新疆维吾尔自治区,VA_secondary(100million)
可克达拉市,2001,新疆维吾尔自治区,VA_tertiary(100million)
三沙市,2001,海南省,GDP(100million)
三沙市,2001,海南省,VA_primary(100million)
三沙市,2001,海南省,VA_secondary(100million)
三沙市,2001,海南省,VA_tertiary(100million)
铁门关市,2002,新疆维吾尔自治区,GDP(100million)
铁门关市,2002,新疆维吾尔自治区,VA_primary(100million)
铁门关市,2002,新疆维吾尔自治区,VA_secondary(100million)
铁门关市,2002,新疆维吾尔自治区,VA_tertiary(100million)
新星市,2002,新疆维吾尔自治区,GDP(100million)
新星市,2002,新疆维吾尔自治区,VA_primary(100million)
新星市,2002,新疆维吾尔自治区,VA_secondary(100million)
新星市,2002,新疆维吾尔自治区,VA_tertiary(100million)
海西蒙古族藏族自治州,2002,青海省,VA_primary(100million)
海西蒙古族藏族自治州,2002,青海省,VA_secondary(100million)
海西蒙古族藏族自治州,2002,青海省,VA_tertiary(100million)
图木舒克市,2002,新疆维吾尔自治区,GDP(100million)
图木舒克市,2002,新疆维吾尔自治区,VA_primary(100million)
图木舒克市,2002,新疆维吾尔自治区,VA_secondary(100million)
图木舒克市,2002,新疆维吾尔自治区,VA_tertiary(100million)
阿拉尔市,2002,新疆维吾尔自治区,GDP(100million)
阿拉尔市,2002,新疆维吾尔自治区,VA_primary(100million)
阿拉尔市,2002,新疆维吾尔自治区,VA_secondary(100million)
阿拉尔市,2002,新疆维吾尔自治区,VA_tertiary(100million)
固原市,2002,宁夏回族自治区,VA_primary(100million)
固原市,2002,宁夏回族自治区,VA_secondary(100million)
固原市,2002,宁夏回族自治区,VA_tertiary(100million)
五家渠市,2002,新疆维吾尔自治区,GDP(100million)
五家渠市,2002,新疆维吾尔自治区,VA_primary(100million)
五家渠市,2002,新疆维吾尔自治区,VA_secondary(100million)
五家渠市,2002,新疆维吾尔自治区,VA_tertiary(100million)
昆玉市,2002,新疆维吾尔自治区,GDP(100million)
昆玉市,2002,新疆维吾尔自治区,VA_primary(100million)
昆玉市,2002,新疆维吾尔自治区,VA_secondary(100million)
昆玉市,2002,新疆维吾尔自治区,VA_tertiary(100million)
胡杨河市,2002,新疆维吾尔自治区,GDP(100million)
胡杨河市,2002,新疆维吾尔自治区,VA_primary(100million)
胡杨河市,2002,新疆维吾尔自治区,VA_secondary(100million)
胡杨河市,2002,新疆维吾尔自治区,VA_tertiary(100million)
可克达拉市,2002,新疆维吾尔自治区,GDP(100million)
可克达拉市,2002,新疆维吾尔自治区,VA_primary(100million)
可克达拉市,2002,新疆维吾尔自治区,VA_secondary(100million)
可克达拉市,2002,新疆维吾尔自治区,VA_tertiary(100million)
三沙市,2002,海南省,GDP(100million)
三沙市,2002,海南省,VA_primary(100million)
三沙市,2002,海南省,VA_secondary(100million)
三沙市,2002,海南省,VA_tertiary(100million)
双河市,2002,新疆维吾尔自治区,GDP(100million)
双河市,2002,新疆维吾尔自治区,VA_primary(100million)
双河市,2002,新疆维吾尔自治区,VA_secondary(100million)
双河市,2002,新疆维吾尔自治区,VA_tertiary(100million)
崇左市,2002,广西壮族自治区,VA_primary(100million)
崇左市,2002,广西壮族自治区,VA_secondary(100million)
崇左市,2002,广西壮族自治区,VA_tertiary(100million)
北屯市,2002,新疆维吾尔自治区,GDP(100million)
北屯市,2002,新疆维吾尔自治区,VA_primary(100million)
北屯市,2002,新疆维吾尔自治区,VA_secondary(100million)
北屯市,2002,新疆维吾尔自治区,VA_tertiary(100million)
阿拉尔市,2003,新疆维吾尔自治区,GDP(100million)
阿拉尔市,2003,新疆维吾尔自治区,VA_primary(100million)
阿拉尔市,2003,新疆维吾尔自治区,VA_secondary(100million)
阿拉尔市,2003,新疆维吾尔自治区,VA_tertiary(100million)
新星市,2003,新疆维吾尔自治区,GDP(100million)
新星市,2003,新疆维吾尔自治区,VA_primary(100million)
新星市,2003,新疆维吾尔自治区,VA_secondary(100million)
新星市,2003,新疆维吾尔自治区,VA_tertiary(100million)
胡杨河市,2003,新疆维吾尔自治区,GDP(100million)
胡杨河市,2003,新疆维吾尔自治区,VA_primary(100million)
胡杨河市,2003,新疆维吾尔自治区,VA_secondary(100million)
胡杨河市,2003,新疆维吾尔自治区,VA_tertiary(100million)
海西蒙古族藏族自治州,2003,青海省,VA_primary(100million)
海西蒙古族藏族自治州,2003,青海省,VA_secondary(100million)
海西蒙古族藏族自治州,2003,青海省,VA_tertiary(100million)
昆玉市,2003,新疆维吾尔自治区,GDP(100million)
昆玉市,2003,新疆维吾尔自治区,VA_primary(100million)
昆玉市,2003,新疆维吾尔自治区,VA_secondary(100million)
昆玉市,2003,新疆维吾尔自治区,VA_tertiary(100million)
铁门关市,2003,新疆维吾尔自治区,GDP(100million)
铁门关市,2003,新疆维吾尔自治区,VA_primary(100million)
铁门关市,2003,新疆维吾尔自治区,VA_secondary(100million)
铁门关市,2003,新疆维吾尔自治区,VA_tertiary(100million)
图木舒克市,2003,新疆维吾尔自治区,GDP(100million)
图木舒克市,2003,新疆维吾尔自治区,VA_primary(100million)
图木舒克市,2003,新疆维吾尔自治区,VA_secondary(100million)
图木舒克市,2003,新疆维吾尔自治区,VA_tertiary(100million)
北屯市,2003,新疆维吾尔自治区,GDP(100million)
北屯市,2003,新疆维吾尔自治区,VA_primary(100million)
北屯市,2003,新疆维吾尔自治区,VA_secondary(100million)
北屯市,2003,新疆维吾尔自治区,VA_tertiary(100million)
固原市,2003,宁夏回族自治区,VA_primary(100million)
固原市,2003,宁夏回族自治区,VA_secondary(100million)
固原市,2003,宁夏回族自治区,VA_tertiary(100million)
三沙市,2003,海南省,GDP(100million)
三沙市,2003,海南省,VA_primary(100million)
三沙市,2003,海南省,VA_secondary(100million)
三沙市,2003,海南省,VA_tertiary(100million)
可克达拉市,2003,新疆维吾尔自治区,GDP(100million)
可克达拉市,2003,新疆维吾尔自治区,VA_primary(100million)
可克达拉市,2003,新疆维吾尔自治区,VA_secondary(100million)
可克达拉市,2003,新疆维吾尔自治区,VA_tertiary(100million)
双河市,2003,新疆维吾尔自治区,GDP(100million)
双河市,2003,新疆维吾尔自治区,VA_primary(100million)
双河市,2003,新疆维吾尔自治区,VA_secondary(100million)
双河市,2003,新疆维吾尔自治区,VA_tertiary(100million)
五家渠市,2003,新疆维吾尔自治区,GDP(100million)
五家渠市,2003,新疆维吾尔自治区,VA_primary(100million)
五家渠市,2003,新疆维吾尔自治区,VA_secondary(100million)
五家渠市,2003,新疆维吾尔自治区,VA_tertiary(100million)
双河市,2004,新疆维吾尔自治区,GDP(100million)
双河市,2004,新疆维吾尔自治区,VA_primary(100million)
双河市,2004,新疆维吾尔自治区,VA_secondary(100million)
双河市,2004,新疆维吾尔自治区,VA_tertiary(100million)
海西蒙古族藏族自治州,2004,青海省,VA_primary(100million)
海西蒙古族藏族自治州,2004,青海省,VA_secondary(100million)
海西蒙古族藏族自治州,2004,青海省,VA_tertiary(100million)
胡杨河市,2004,新疆维吾尔自治区,GDP(100million)
胡杨河市,2004,新疆维吾尔自治区,VA_primary(100million)
胡杨河市,2004,新疆维吾尔自治区,VA_secondary(100million)
胡杨河市,2004,新疆维吾尔自治区,VA_tertiary(100million)
可克达拉市,2004,新疆维吾尔自治区,GDP(100million)
可克达拉市,2004,新疆维吾尔自治区,VA_primary(100million)
可克达拉市,2004,新疆维吾尔自治区,VA_secondary(100million)
可克达拉市,2004,新疆维吾尔自治区,VA_tertiary(100million)
三沙市,2004,海南省,GDP(100million)
三沙市,2004,海南省,VA_primary(100million)
三沙市,2004,海南省,VA_secondary(100million)
三沙市,2004,海南省,VA_tertiary(100million)
铁门关市,2004,新疆维吾尔自治区,GDP(100million)
铁门关市,2004,新疆维吾尔自治区,VA_primary(100million)
铁门关市,2004,新疆维吾尔自治区,VA_secondary(100million)
铁门关市,2004,新疆维吾尔自治区,VA_tertiary(100million)
新星市,2004,新疆维吾尔自治区,GDP(100million)
新星市,2004,新疆维吾尔自治区,VA_primary(100million)
新星市,2004,新疆维吾尔自治区,VA_secondary(100million)
新星市,2004,新疆维吾尔自治区,VA_tertiary(100million)
昆玉市,2004,新疆维吾尔自治区,GDP(100million)
昆玉市,2004,新疆维吾尔自治区,VA_primary(100million)
昆玉市,2004,新疆维吾尔自治区,VA_secondary(100million)
昆玉市,2004,新疆维吾尔自治区,VA_tertiary(100million)
北屯市,2004,新疆维吾尔自治区,GDP(100million)
北屯市,2004,新疆维吾尔自治区,VA_primary(100million)
北屯市,2004,新疆维吾尔自治区,VA_secondary(100million)
北屯市,2004,新疆维吾尔自治区,VA_tertiary(100million)
铁门关市,2005,新疆维吾尔自治区,GDP(100million)
铁门关市,2005,新疆维吾尔自治区,VA_primary(100million)
铁门关市,2005,新疆维吾尔自治区,VA_secondary(100million)
铁门关市,2005,新疆维吾尔自治区,VA_tertiary(100million)
双河市,2005,新疆维吾尔自治区,GDP(100million)
双河市,2005,新疆维吾尔自治区,VA_primary(100million)
双河市,2005,新疆维吾尔自治区,VA_secondary(100million)
双河市,2005,新疆维吾尔自治区,VA_tertiary(100million)
可克达拉市,2005,新疆维吾尔自治区,GDP(100million)
可克达拉市,2005,新疆维吾尔自治区,VA_primary(100million)
可克达拉市,2005,新疆维吾尔自治区,VA_secondary(100million)
可克达拉市,2005,新疆维吾尔自治区,VA_tertiary(100million)
胡杨河市,2005,新疆维吾尔自治区,GDP(100million)
胡杨河市,2005,新疆维吾尔自治区,VA_primary(100million)
胡杨河市,2005,新疆维吾尔自治区,VA_secondary(100million)
胡杨河市,2005,新疆维吾尔自治区,VA_tertiary(100million)
北屯市,2005,新疆维吾尔自治区,GDP(100million)
北屯市,2005,新疆维吾尔自治区,VA_primary(100million)
北屯市,2005,新疆维吾尔自治区,VA_secondary(100million)
北屯市,2005,新疆维吾尔自治区,VA_tertiary(100million)
三沙市,2005,海南省,GDP(100million)
三沙市,2005,海南省,VA_primary(100million)
三沙市,2005,海南省,VA_secondary(100million)
三沙市,2005,海南省,VA_tertiary(100million)
新星市,2005,新疆维吾尔自治区,GDP(100million)
新星市,2005,新疆维吾尔自治区,VA_primary(100million)
新星市,2005,新疆维吾尔自治区,VA_secondary(100million)
新星市,2005,新疆维吾尔自治区,VA_tertiary(100million)
海西蒙古族藏族自治州,2005,青海省,VA_primary(100million)
海西蒙古族藏族自治州,2005,青海省,VA_secondary(100million)
海西蒙古族藏族自治州,2005,青海省,VA_tertiary(100million)
昆玉市,2005,新疆维吾尔自治区,GDP(100million)
昆玉市,2005,新疆维吾尔自治区,VA_primary(100million)
昆玉市,2005,新疆维吾尔自治区,VA_secondary(100million)
昆玉市,2005,新疆维吾尔自治区,VA_tertiary(100million)
新星市,2006,新疆维吾尔自治区,GDP(100million)
新星市,2006,新疆维吾尔自治区,VA_primary(100million)
新星市,2006,新疆维吾尔自治区,VA_secondary(100million)
新星市,2006,新疆维吾尔自治区,VA_tertiary(100million)
昆玉市,2006,新疆维吾尔自治区,GDP(100million)
昆玉市,2006,新疆维吾尔自治区,VA_primary(100million)
昆玉市,2006,新疆维吾尔自治区,VA_secondary(100million)
昆玉市,2006,新疆维吾尔自治区,VA_tertiary(100million)
胡杨河市,2006,新疆维吾尔自治区,GDP(100million)
胡杨河市,2006,新疆维吾尔自治区,VA_primary(100million)
胡杨河市,2006,新疆维吾尔自治区,VA_secondary(100million)
胡杨河市,2006,新疆维吾尔自治区,VA_tertiary(100million)
北屯市,2006,新疆维吾尔自治区,GDP(100million)
北屯市,2006,新疆维吾尔自治区,VA_primary(100million)
北屯市,2006,新疆维吾尔自治区,VA_secondary(100million)
北屯市,2006,新疆维吾尔自治区,VA_tertiary(100million)
双河市,2006,新疆维吾尔自治区,GDP(100million)
双河市,2006,新疆维吾尔自治区,VA_primary(100million)
双河市,2006,新疆维吾尔自治区,VA_secondary(100million)
双河市,2006,新疆维吾尔自治区,VA_tertiary(100million)
可克达拉市,2006,新疆维吾尔自治区,GDP(100million)
可克达拉市,2006,新疆维吾尔自治区,VA_primary(100million)
可克达拉市,2006,新疆维吾尔自治区,VA_secondary(100million)
可克达拉市,2006,新疆维吾尔自治区,VA_tertiary(100million)
三沙市,2006,海南省,GDP(100million)
三沙市,2006,海南省,VA_primary(100million)
三沙市,2006,海南省,VA_secondary(100million)
三沙市,2006,海南省,VA_tertiary(100million)
海西蒙古族藏族自治州,2006,青海省,VA_primary(100million)
海西蒙古族藏族自治州,2006,青海省,VA_secondary(100million)
海西蒙古族藏族自治州,2006,青海省,VA_tertiary(100million)
铁门关市,2006,新疆维吾尔自治区,GDP(100million)
铁门关市,2006,新疆维吾尔自治区,VA_primary(100million)
铁门关市,2006,新疆维吾尔自治区,VA_secondary(100million)
铁门关市,2006,新疆维吾尔自治区,VA_tertiary(100million)
铁门关市,2007,新疆维吾尔自治区,GDP(100million)
铁门关市,2007,新疆维吾尔自治区,VA_primary(100million)
铁门关市,2007,新疆维吾尔自治区,VA_secondary(100million)
铁门关市,2007,新疆维吾尔自治区,VA_tertiary(100million)
海西蒙古族藏族自治州,2007,青海省,VA_primary(100million)
海西蒙古族藏族自治州,2007,青海省,VA_secondary(100million)
海西蒙古族藏族自治州,2007,青海省,VA_tertiary(100million)
可克达拉市,2007,新疆维吾尔自治区,GDP(100million)
可克达拉市,2007,新疆维吾尔自治区,VA_primary(100million)
可克达拉市,2007,新疆维吾尔自治区,VA_secondary(100million)
可克达拉市,2007,新疆维吾尔自治区,VA_tertiary(100million)
北屯市,2007,新疆维吾尔自治区,GDP(100million)
北屯市,2007,新疆维吾尔自治区,VA_primary(100million)
北屯市,2007,新疆维吾尔自治区,VA_secondary(100million)
北屯市,2007,新疆维吾尔自治区,VA_tertiary(100million)
三沙市,2007,海南省,GDP(100million)
三沙市,2007,海南省,VA_primary(100million)
三沙市,2007,海南省,VA_secondary(100million)
三沙市,2007,海南省,VA_tertiary(100million)
胡杨河市,2007,新疆维吾尔自治区,GDP(100million)
胡杨河市,2007,新疆维吾尔自治区,VA_primary(100million)
胡杨河市,2007,新疆维吾尔自治区,VA_secondary(100million)
胡杨河市,2007,新疆维吾尔自治区,VA_tertiary(100million)
昆玉市,2007,新疆维吾尔自治区,GDP(100million)
昆玉市,2007,新疆维吾尔自治区,VA_primary(100million)
昆玉市,2007,新疆维吾尔自治区,VA_secondary(100million)
昆玉市,2007,新疆维吾尔自治区,VA_tertiary(100million)
双河市,2007,新疆维吾尔自治区,GDP(100million)
双河市,2007,新疆维吾尔自治区,VA_primary(100million)
双河市,2007,新疆维吾尔自治区,VA_secondary(100million)
双河市,2007,新疆维吾尔自治区,VA_tertiary(100million)
新星市,2007,新疆维吾尔自治区,GDP(100million)
新星市,2007,新疆维吾尔自治区,VA_primary(100million)
新星市,2007,新疆维吾尔自治区,VA_secondary(100million)
新星市,2007,新疆维吾尔自治区,VA_tertiary(100million)
三沙市,2008,海南省,GDP(100million)
三沙市,2008,海南省,VA_primary(100million)
三沙市,2008,海南省,VA_secondary(100million)
三沙市,2008,海南省,VA_tertiary(100million)
新星市,2008,新疆维吾尔自治区,GDP(100million)
新星市,2008,新疆维吾尔自治区,VA_primary(100million)
新星市,2008,新疆维吾尔自治区,VA_secondary(100million)
新星市,2008,新疆维吾尔自治区,VA_tertiary(100million)
海西蒙古族藏族自治州,2008,青海省,VA_primary(100million)
海西蒙古族藏族自治州,2008,青海省,VA_secondary(100million)
海西蒙古族藏族自治州,2008,青海省,VA_tertiary(100million)
北屯市,2008,新疆维吾尔自治区,GDP(100million)
北屯市,2008,新疆维吾尔自治区,VA_primary(100million)
北屯市,2008,新疆维吾尔自治区,VA_secondary(100million)
北屯市,2008,新疆维吾尔自治区,VA_tertiary(100million)
昆玉市,2008,新疆维吾尔自治区,GDP(100million)
昆玉市,2008,新疆维吾尔自治区,VA_primary(100million)
昆玉市,2008,新疆维吾尔自治区,VA_secondary(100million)
昆玉市,2008,新疆维吾尔自治区,VA_tertiary(100million)
铁门关市,2008,新疆维吾尔自治区,GDP(100million)
铁门关市,2008,新疆维吾尔自治区,VA_primary(100million)
铁门关市,2008,新疆维吾尔自治区,VA_secondary(100million)
铁门关市,2008,新疆维吾尔自治区,VA_tertiary(100million)
可克达拉市,2008,新疆维吾尔自治区,GDP(100million)
可克达拉市,2008,新疆维吾尔自治区,VA_primary(100million)
可克达拉市,2008,新疆维吾尔自治区,VA_secondary(100million)
可克达拉市,2008,新疆维吾尔自治区,VA_tertiary(100million)
胡杨河市,2008,新疆维吾尔自治区,GDP(100million)
胡杨河市,2008,新疆维吾尔自治区,VA_primary(100million)
胡杨河市,2008,新疆维吾尔自治区,VA_secondary(100million)
胡杨河市,2008,新疆维吾尔自治区,VA_tertiary(100million)
双河市,2008,新疆维吾尔自治区,GDP(100million)
双河市,2008,新疆维吾尔自治区,VA_primary(100million)
双河市,2008,新疆维吾尔自治区,VA_secondary(100million)
双河市,2008,新疆维吾尔自治区,VA_tertiary(100million)
双河市,2009,新疆维吾尔自治区,GDP(100million)
双河市,2009,新疆维吾尔自治区,VA_primary(100million)
双河市,2009,新疆维吾尔自治区,VA_secondary(100million)
双河市,2009,新疆维吾尔自治区,VA_tertiary(100million)
北屯市,2009,新疆维吾尔自治区,GDP(100million)
北屯市,2009,新疆维吾尔自治区,VA_primary(100million)
北屯市,2009,新疆维吾尔自治区,VA_secondary(100million)
北屯市,2009,新疆维吾尔自治区,VA_tertiary(100million)
铁门关市,2009,新疆维吾尔自治区,GDP(100million)
铁门关市,2009,新疆维吾尔自治区,VA_primary(100million)
铁门关市,2009,新疆维吾尔自治区,VA_secondary(100million)
铁门关市,2009,新疆维吾尔自治区,VA_tertiary(100million)
胡杨河市,2009,新疆维吾尔自治区,GDP(100million)
胡杨河市,2009,新疆维吾尔自治区,VA_primary(100million)
胡杨河市,2009,新疆维吾尔自治区,VA_secondary(100million)
胡杨河市,2009,新疆维吾尔自治区,VA_tertiary(100million)
可克达拉市,2009,新疆维吾尔自治区,GDP(100million)
可克达拉市,2009,新疆维吾尔自治区,VA_primary(100million)
可克达拉市,2009,新疆维吾尔自治区,VA_secondary(100million)
可克达拉市,2009,新疆维吾尔自治区,VA_tertiary(100million)
三沙市,2009,海南省,GDP(100million)
三沙市,2009,海南省,VA_primary(100million)
三沙市,2009,海南省,VA_secondary(100million)
三沙市,2009,海南省,VA_tertiary(100million)
新星市,2009,新疆维吾尔自治区,GDP(100million)
新星市,2009,新疆维吾尔自治区,VA_primary(100million)
新星市,2009,新疆维吾尔自治区,VA_secondary(100million)
新星市,2009,新疆维吾尔自治区,VA_tertiary(100million)
海西蒙古族藏族自治州,2009,青海省,VA_primary(100million)
海西蒙古族藏族自治州,2009,青海省,VA_secondary(100million)
海西蒙古族藏族自治州,2009,青海省,VA_tertiary(100million)
昆玉市,2009,新疆维吾尔自治区,GDP(100million)
昆玉市,2009,新疆维吾尔自治区,VA_primary(100million)
昆玉市,2009,新疆维吾尔自治区,VA_secondary(100million)
昆玉市,2009,新疆维吾尔自治区,VA_tertiary(100million)
铁门关市,2010,新疆维吾尔自治区,GDP(100million)
铁门关市,2010,新疆维吾尔自治区,VA_primary(100million)
铁门关市,2010,新疆维吾尔自治区,VA_secondary(100million)
铁门关市,2010,新疆维吾尔自治区,VA_tertiary(100million)
北屯市,2010,新疆维吾尔自治区,GDP(100million)
北屯市,2010,新疆维吾尔自治区,VA_primary(100million)
北屯市,2010,新疆维吾尔自治区,VA_secondary(100million)
北屯市,2010,新疆维吾尔自治区,VA_tertiary(100million)
昆玉市,2010,新疆维吾尔自治区,GDP(100million)
昆玉市,2010,新疆维吾尔自治区,VA_primary(100million)
昆玉市,2010,新疆维吾尔自治区,VA_secondary(100million)
昆玉市,2010,新疆维吾尔自治区,VA_tertiary(100million)
三沙市,2010,海南省,GDP(100million)
三沙市,2010,海南省,VA_primary(100million)
三沙市,2010,海南省,VA_secondary(100million)
三沙市,2010,海南省,VA_tertiary(100million)
新星市,2010,新疆维吾尔自治区,GDP(100million)
新星市,2010,新疆维吾尔自治区,VA_primary(100million)
新星市,2010,新疆维吾尔自治区,VA_secondary(100million)
新星市,2010,新疆维吾尔自治区,VA_tertiary(100million)
胡杨河市,2010,新疆维吾尔自治区,GDP(100million)
胡杨河市,2010,新疆维吾尔自治区,VA_primary(100million)
胡杨河市,2010,新疆维吾尔自治区,VA_secondary(100million)
胡杨河市,2010,新疆维吾尔自治区,VA_tertiary(100million)
可克达拉市,2010,新疆维吾尔自治区,GDP(100million)
可克达拉市,2010,新疆维吾尔自治区,VA_primary(100million)
可克达拉市,2010,新疆维吾尔自治区,VA_secondary(100million)
可克达拉市,2010,新疆维吾尔自治区,VA_tertiary(100million)
双河市,2010,新疆维吾尔自治区,GDP(100million)
双河市,2010,新疆维吾尔自治区,VA_primary(100million)
双河市,2010,新疆维吾尔自治区,VA_secondary(100million)
双河市,2010,新疆维吾尔自治区,VA_tertiary(100million)
昆玉市,2011,新疆维吾尔自治区,GDP(100million)
昆玉市,2011,新疆维吾尔自治区,VA_primary(100million)
昆玉市,2011,新疆维吾尔自治区,VA_secondary(100million)
昆玉市,2011,新疆维吾尔自治区,VA_tertiary(100million)
北屯市,2011,新疆维吾尔自治区,GDP(100million)
北屯市,2011,新疆维吾尔自治区,VA_primary(100million)
北屯市,2011,新疆维吾尔自治区,VA_secondary(100million)
北屯市,2011,新疆维吾尔自治区,VA_tertiary(100million)
可克达拉市,2011,新疆维吾尔自治区,GDP(100million)
可克达拉市,2011,新疆维吾尔自治区,VA_primary(100million)
可克达拉市,2011,新疆维吾尔自治区,VA_secondary(100million)
可克达拉市,2011,新疆维吾尔自治区,VA_tertiary(100million)
胡杨河市,2011,新疆维吾尔自治区,GDP(100million)
胡杨河市,2011,新疆维吾尔自治区,VA_primary(100million)
胡杨河市,2011,新疆维吾尔自治区,VA_secondary(100million)
胡杨河市,2011,新疆维吾尔自治区,VA_tertiary(100million)
三沙市,2011,海南省,GDP(100million)
三沙市,2011,海南省,VA_primary(100million)
三沙市,2011,海南省,VA_secondary(100million)
三沙市,2011,海南省,VA_tertiary(100million)
新星市,2011,新疆维吾尔自治区,GDP(100million)
新星市,2011,新疆维吾尔自治区,VA_primary(100million)
新星市,2011,新疆维吾尔自治区,VA_secondary(100million)
新星市,2011,新疆维吾尔自治区,VA_tertiary(100million)
双河市,2011,新疆维吾尔自治区,GDP(100million)
双河市,2011,新疆维吾尔自治区,VA_primary(100million)
双河市,2011,新疆维吾尔自治区,VA_secondary(100million)
双河市,2011,新疆维吾尔自治区,VA_tertiary(100million)
铁门关市,2011,新疆维吾尔自治区,GDP(100million)
铁门关市,2011,新疆维吾尔自治区,VA_primary(100million)
铁门关市,2011,新疆维吾尔自治区,VA_secondary(100million)
铁门关市,2011,新疆维吾尔自治区,VA_tertiary(100million)
双河市,2012,新疆维吾尔自治区,GDP(100million)
双河市,2012,新疆维吾尔自治区,VA_primary(100million)
双河市,2012,新疆维吾尔自治区,VA_secondary(100million)
双河市,2012,新疆维吾尔自治区,VA_tertiary(100million)
胡杨河市,2012,新疆维吾尔自治区,GDP(100million)
胡杨河市,2012,新疆维吾尔自治区,VA_primary(100million)
胡杨河市,2012,新疆维吾尔自治区,VA_secondary(100million)
胡杨河市,2012,新疆维吾尔自治区,VA_tertiary(100million)
可克达拉市,2012,新疆维吾尔自治区,GDP(100million)
可克达拉市,2012,新疆维吾尔自治区,VA_primary(100million)
可克达拉市,2012,新疆维吾尔自治区,VA_secondary(100million)
可克达拉市,2012,新疆维吾尔自治区,VA_tertiary(100million)
三沙市,2012,海南省,GDP(100million)
三沙市,2012,海南省,VA_primary(100million)
三沙市,2012,海南省,VA_secondary(100million)
三沙市,2012,海南省,VA_tertiary(100million)
新星市,2012,新疆维吾尔自治区,GDP(100million)
新星市,2012,新疆维吾尔自治区,VA_primary(100million)
新星市,2012,新疆维吾尔自治区,VA_secondary(100million)
新星市,2012,新疆维吾尔自治区,VA_tertiary(100million)
铁门关市,2012,新疆维吾尔自治区,GDP(100million)
铁门关市,2012,新疆维吾尔自治区,VA_primary(100million)
铁门关市,2012,新疆维吾尔自治区,VA_secondary(100million)
铁门关市,2012,新疆维吾尔自治区,VA_tertiary(100million)
昆玉市,2012,新疆维吾尔自治区,GDP(100million)
昆玉市,2012,新疆维吾尔自治区,VA_primary(100million)
昆玉市,2012,新疆维吾尔自治区,VA_secondary(100million)
昆玉市,2012,新疆维吾尔自治区,VA_tertiary(100million)
可克达拉市,2013,新疆维吾尔自治区,GDP(100million)
可克达拉市,2013,新疆维吾尔自治区,VA_primary(100million)
可克达拉市,2013,新疆维吾尔自治区,VA_secondary(100million)
可克达拉市,2013,新疆维吾尔自治区,VA_tertiary(100million)
胡杨河市,2013,新疆维吾尔自治区,GDP(100million)
胡杨河市,2013,新疆维吾尔自治区,VA_primary(100million)
胡杨河市,2013,新疆维吾尔自治区,VA_secondary(100million)
胡杨河市,2013,新疆维吾尔自治区,VA_tertiary(100million)
三沙市,2013,海南省,GDP(100million)
三沙市,2013,海南省,VA_primary(100million)
三沙市,2013,海南省,VA_secondary(100million)
三沙市,2013,海南省,VA_tertiary(100million)
昆玉市,2013,新疆维吾尔自治区,GDP(100million)
昆玉市,2013,新疆维吾尔自治区,VA_primary(100million)
昆玉市,2013,新疆维吾尔自治区,VA_secondary(100million)
昆玉市,2013,新疆维吾尔自治区,VA_tertiary(100million)
新星市,2013,新疆维吾尔自治区,GDP(100million)
新星市,2013,新疆维吾尔自治区,VA_primary(100million)
新星市,2013,新疆维吾尔自治区,VA_secondary(100million)
新星市,2013,新疆维吾尔自治区,VA_tertiary(100million)
双河市,2013,新疆维吾尔自治区,GDP(100million)
双河市,2013,新疆维吾尔自治区,VA_primary(100million)
双河市,2013,新疆维吾尔自治区,VA_secondary(100million)
双河市,2013,新疆维吾尔自治区,VA_tertiary(100million)
铁门关市,2013,新疆维吾尔自治区,GDP(100million)
铁门关市,2013,新疆维吾尔自治区,VA_primary(100million)
铁门关市,2013,新疆维吾尔自治区,VA_secondary(100million)
铁门关市,2013,新疆维吾尔自治区,VA_tertiary(100million)
新星市,2014,新疆维吾尔自治区,GDP(100million)
新星市,2014,新疆维吾尔自治区,VA_primary(100million)
新星市,2014,新疆维吾尔自治区,VA_secondary(100million)
新星市,2014,新疆维吾尔自治区,VA_tertiary(100million)
三沙市,2014,海南省,GDP(100million)
三沙市,2014,海南省,VA_primary(100million)
三沙市,2014,海南省,VA_secondary(100million)
三沙市,2014,海南省,VA_tertiary(100million)
昆玉市,2014,新疆维吾尔自治区,GDP(100million)
昆玉市,2014,新疆维吾尔自治区,VA_primary(100million)
昆玉市,2014,新疆维吾尔自治区,VA_secondary(100million)
昆玉市,2014,新疆维吾尔自治区,VA_tertiary(100million)
可克达拉市,2014,新疆维吾尔自治区,GDP(100million)
可克达拉市,2014,新疆维吾尔自治区,VA_primary(100million)
可克达拉市,2014,新疆维吾尔自治区,VA_secondary(100million)
可克达拉市,2014,新疆维吾尔自治区,VA_tertiary(100million)
铁门关市,2014,新疆维吾尔自治区,GDP(100million)
铁门关市,2014,新疆维吾尔自治区,VA_primary(100million)
铁门关市,2014,新疆维吾尔自治区,VA_secondary(100million)
铁门关市,2014,新疆维吾尔自治区,VA_tertiary(100million)
双河市,2014,新疆维吾尔自治区,GDP(100million)
双河市,2014,新疆维吾尔自治区,VA_primary(100million)
双河市,2014,新疆维吾尔自治区,VA_secondary(100million)
双河市,2014,新疆维吾尔自治区,VA_tertiary(100million)
胡杨河市,2014,新疆维吾尔自治区,GDP(100million)
胡杨河市,2014,新疆维吾尔自治区,VA_primary(100million)
胡杨河市,2014,新疆维吾尔自治区,VA_secondary(100million)
胡杨河市,2014,新疆维吾尔自治区,VA_tertiary(100million)
新星市,2015,新疆维吾尔自治区,GDP(100million)
新星市,2015,新疆维吾尔自治区,VA_primary(100million)
新星市,2015,新疆维吾尔自治区,VA_secondary(100million)
新星市,2015,新疆维吾尔自治区,VA_tertiary(100million)
铁门关市,2015,新疆维吾尔自治区,GDP(100million)
铁门关市,2015,新疆维吾尔自治区,VA_primary(100million)
铁门关市,2015,新疆维吾尔自治区,VA_secondary(100million)
铁门关市,2015,新疆维吾尔自治区,VA_tertiary(100million)
图木舒克市,2015,新疆维吾尔自治区,VA_tertiary(100million)
阿拉尔市,2015,新疆维吾尔自治区,VA_tertiary(100million)
胡杨河市,2015,新疆维吾尔自治区,GDP(100million)
胡杨河市,2015,新疆维吾尔自治区,VA_primary(100million)
胡杨河市,2015,新疆维吾尔自治区,VA_secondary(100million)
胡杨河市,2015,新疆维吾尔自治区,VA_tertiary(100million)
可克达拉市,2015,新疆维吾尔自治区,GDP(100million)
可克达拉市,2015,新疆维吾尔自治区,VA_primary(100million)
可克达拉市,2015,新疆维吾尔自治区,VA_secondary(100million)
可克达拉市,2015,新疆维吾尔自治区,VA_tertiary(100million)
双河市,2015,新疆维吾尔自治区,GDP(100million)
双河市,2015,新疆维吾尔自治区,VA_primary(100million)
双河市,2015,新疆维吾尔自治区,VA_secondary(100million)
双河市,2015,新疆维吾尔自治区,VA_tertiary(100million)
北屯市,2015,新疆维吾尔自治区,VA_tertiary(100million)
昆玉市,2015,新疆维吾尔自治区,GDP(100million)
昆玉市,2015,新疆维吾尔自治区,VA_primary(100million)
昆玉市,2015,新疆维吾尔自治区,VA_secondary(100million)
昆玉市,2015,新疆维吾尔自治区,VA_tertiary(100million)
三沙市,2015,海南省,GDP(100million)
三沙市,2015,海南省,VA_primary(100million)
三沙市,2015,海南省,VA_secondary(100million)
三沙市,2015,海南省,VA_tertiary(100million)
五家渠市,2015,新疆维吾尔自治区,VA_tertiary(100million)
铁门关市,2016,新疆维吾尔自治区,VA_tertiary(100million)
五家渠市,2016,新疆维吾尔自治区,VA_tertiary(100million)
三沙市,2016,海南省,GDP(100million)
三沙市,2016,海南省,VA_primary(100million)
三沙市,2016,海南省,VA_secondary(100million)
三沙市,2016,海南省,VA_tertiary(100million)
阿拉尔市,2016,新疆维吾尔自治区,VA_tertiary(100million)
昆玉市,2016,新疆维吾尔自治区,GDP(100million)
昆玉市,2016,新疆维吾尔自治区,VA_primary(100million)
昆玉市,2016,新疆维吾尔自治区,VA_secondary(100million)
昆玉市,2016,新疆维吾尔自治区,VA_tertiary(100million)
胡杨河市,2016,新疆维吾尔自治区,GDP(100million)
胡杨河市,2016,新疆维吾尔自治区,VA_primary(100million)
胡杨河市,2016,新疆维吾尔自治区,VA_secondary(100million)
胡杨河市,2016,新疆维吾尔自治区,VA_tertiary(100million)
双河市,2016,新疆维吾尔自治区,GDP(100million)
双河市,2016,新疆维吾尔自治区,VA_primary(100million)
双河市,2016,新疆维吾尔自治区,VA_secondary(100million)
双河市,2016,新疆维吾尔自治区,VA_tertiary(100million)
可克达拉市,2016,新疆维吾尔自治区,GDP(100million)
可克达拉市,2016,新疆维吾尔自治区,VA_primary(100million)
可克达拉市,2016,新疆维吾尔自治区,VA_secondary(100million)
可克达拉市,2016,新疆维吾尔自治区,VA_tertiary(100million)
图木舒克市,2016,新疆维吾尔自治区,VA_tertiary(100million)
北屯市,2016,新疆维吾尔自治区,VA_tertiary(100million)
新星市,2016,新疆维吾尔自治区,GDP(100million)
新星市,2016,新疆维吾尔自治区,VA_primary(100million)
新星市,2016,新疆维吾尔自治区,VA_secondary(100million)
新星市,2016,新疆维吾尔自治区,VA_tertiary(100million)
图木舒克市,2017,新疆维吾尔自治区,VA_tertiary(100million)
乌兰察布市,2017,内蒙古自治区,VA_primary(100million)
乌兰察布市,2017,内蒙古自治区,VA_secondary(100million)
乌兰察布市,2017,内蒙古自治区,VA_tertiary(100million)
阿拉善盟,2017,内蒙古自治区,VA_primary(100million)
阿拉善盟,2017,内蒙古自治区,VA_secondary(100million)
阿拉善盟,2017,内蒙古自治区,VA_tertiary(100million)
乌海市,2017,内蒙古自治区,VA_primary(100million)
乌海市,2017,内蒙古自治区,VA_secondary(100million)
乌海市,2017,内蒙古自治区,VA_tertiary(100million)
铁门关市,2017,新疆维吾尔自治区,VA_tertiary(100million)
昆玉市,2017,新疆维吾尔自治区,GDP(100million)
昆玉市,2017,新疆维吾尔自治区,VA_primary(100million)
昆玉市,2017,新疆维吾尔自治区,VA_secondary(100million)
昆玉市,2017,新疆维吾尔自治区,VA_tertiary(100million)
北屯市,2017,新疆维吾尔自治区,VA_tertiary(100million)
新星市,2017,新疆维吾尔自治区,GDP(100million)
新星市,2017,新疆维吾尔自治区,VA_primary(100million)
新星市,2017,新疆维吾尔自治区,VA_secondary(100million)
新星市,2017,新疆维吾尔自治区,VA_tertiary(100million)
胡杨河市,2017,新疆维吾尔自治区,GDP(100million)
胡杨河市,2017,新疆维吾尔自治区,VA_primary(100million)
胡杨河市,2017,新疆维吾尔自治区,VA_secondary(100million)
胡杨河市,2017,新疆维吾尔自治区,VA_tertiary(100million)
可克达拉市,2017,新疆维吾尔自治区,GDP(100million)
可克达拉市,2017,新疆维吾尔自治区,VA_primary(100million)
可克达拉市,2017,新疆维吾尔自治区,VA_secondary(100million)
可克达拉市,2017,新疆维吾尔自治区,VA_tertiary(100million)
三沙市,2017,海南省,GDP(100million)
三沙市,2017,海南省,VA_primary(100million)
三沙市,2017,海南省,VA_secondary(100million)
三沙市,2017,海南省,VA_tertiary(100million)
双河市,2017,新疆维吾尔自治区,GDP(100million)
双河市,2017,新疆维吾尔自治区,VA_primary(100million)
双河市,2017,新疆维吾尔自治区,VA_secondary(100million)
双河市,2017,新疆维吾尔自治区,VA_tertiary(100million)
乌海市,2018,内蒙古自治区,VA_primary(100million)
乌海市,2018,内蒙古自治区,VA_secondary(100million)
乌海市,2018,内蒙古自治区,VA_tertiary(100million)
阿拉善盟,2018,内蒙古自治区,VA_primary(100million)
阿拉善盟,2018,内蒙古自治区,VA_secondary(100million)
阿拉善盟,2018,内蒙古自治区,VA_tertiary(100million)
乌兰察布市,2018,内蒙古自治区,VA_primary(100million)
乌兰察布市,2018,内蒙古自治区,VA_secondary(100million)
乌兰察布市,2018,内蒙古自治区,VA_tertiary(100million)
三沙市,2018,海南省,GDP(100million)
三沙市,2018,海南省,VA_primary(100million)
三沙市,2018,海南省,VA_secondary(100million)
三沙市,2018,海南省,VA_tertiary(100million)
新星市,2018,新疆维吾尔自治区,GDP(100million)
新星市,2018,新疆维吾尔自治区,VA_primary(100million)
新星市,2018,新疆维吾尔自治区,VA_secondary(100million)
新星市,2018,新疆维吾尔自治区,VA_tertiary(100million)
胡杨河市,2018,新疆维吾尔自治区,GDP(100million)
胡杨河市,2018,新疆维吾尔自治区,VA_primary(100million)
胡杨河市,2018,新疆维吾尔自治区,VA_secondary(100million)
胡杨河市,2018,新疆维吾尔自治区,VA_tertiary(100million)
可克达拉市,2018,新疆维吾尔自治区,GDP(100million)
可克达拉市,2018,新疆维吾尔自治区,VA_primary(100million)
可克达拉市,2018,新疆维吾尔自治区,VA_secondary(100million)
可克达拉市,2018,新疆维吾尔自治区,VA_tertiary(100million)
北屯市,2018,新疆维吾尔自治区,VA_tertiary(100million)
昆玉市,2018,新疆维吾尔自治区,GDP(100million)
昆玉市,2018,新疆维吾尔自治区,VA_primary(100million)
昆玉市,2018,新疆维吾尔自治区,VA_secondary(100million)
昆玉市,2018,新疆维吾尔自治区,VA_tertiary(100million)
双河市,2018,新疆维吾尔自治区,GDP(100million)
双河市,2018,新疆维吾尔自治区,VA_primary(100million)
双河市,2018,新疆维吾尔自治区,VA_secondary(100million)
双河市,2018,新疆维吾尔自治区,VA_tertiary(100million)
图木舒克市,2018,新疆维吾尔自治区,VA_tertiary(100million)
铁门关市,2018,新疆维吾尔自治区,VA_tertiary(100million)
五家渠市,2018,新疆维吾尔自治区,VA_tertiary(100million)
新星市,2019,新疆维吾尔自治区,GDP(100million)
新星市,2019,新疆维吾尔自治区,VA_primary(100million)
新星市,2019,新疆维吾尔自治区,VA_secondary(100million)
新星市,2019,新疆维吾尔自治区,VA_tertiary(100million)
昆玉市,2019,新疆维吾尔自治区,GDP(100million)
昆玉市,2019,新疆维吾尔自治区,VA_primary(100million)
昆玉市,2019,新疆维吾尔自治区,VA_secondary(100million)
昆玉市,2019,新疆维吾尔自治区,VA_tertiary(100million)
三沙市,2019,海南省,GDP(100million)
三沙市,2019,海南省,VA_primary(100million)
三沙市,2019,海南省,VA_secondary(100million)
三沙市,2019,海南省,VA_tertiary(100million)
五家渠市,2019,新疆维吾尔自治区,VA_tertiary(100million)
图木舒克市,2019,新疆维吾尔自治区,VA_tertiary(100million)
铁门关市,2019,新疆维吾尔自治区,VA_tertiary(100million)
北屯市,2019,新疆维吾尔自治区,VA_tertiary(100million)
双河市,2019,新疆维吾尔自治区,GDP(100million)
双河市,2019,新疆维吾尔自治区,VA_primary(100million)
双河市,2019,新疆维吾尔自治区,VA_secondary(100million)
双河市,2019,新疆维吾尔自治区,VA_tertiary(100million)
可克达拉市,2019,新疆维吾尔自治区,GDP(100million)
可克达拉市,2019,新疆维吾尔自治区,VA_primary(100million)
可克达拉市,2019,新疆维吾尔自治区,VA_secondary(100million)
可克达拉市,2019,新疆维吾尔自治区,VA_tertiary(100million)
胡杨河市,2019,新疆维吾尔自治区,GDP(100million)
胡杨河市,2019,新疆维吾尔自治区,VA_primary(100million)
胡杨河市,2019,新疆维吾尔自治区,VA_secondary(100million)
胡杨河市,2019,新疆维吾尔自治区,VA_tertiary(100million)
克孜勒苏柯尔克孜自治州,2020,新疆维吾尔自治区,GDP(100million)
克孜勒苏柯尔克孜自治州,2020,新疆维吾尔自治区,VA_primary(100million)
克孜勒苏柯尔克孜自治州,2020,新疆维吾尔自治区,VA_secondary(100million)
克孜勒苏柯尔克孜自治州,2020,新疆维吾尔自治区,VA_tertiary(100million)
新星市,2020,新疆维吾尔自治区,GDP(100million)
新星市,2020,新疆维吾尔自治区,VA_primary(100million)
新星市,2020,新疆维吾尔自治区,VA_secondary(100million)
新星市,2020,新疆维吾尔自治区,VA_tertiary(100million)
三沙市,2020,海南省,GDP(100million)
三沙市,2020,海南省,VA_primary(100million)
三沙市,2020,海南省,VA_secondary(100million)
三沙市,2020,海南省,VA_tertiary(100million)
新星市,2021,新疆维吾尔自治区,GDP(100million)
新星市,2021,新疆维吾尔自治区,VA_primary(100million)
新星市,2021,新疆维吾尔自治区,VA_secondary(100million)
新星市,2021,新疆维吾尔自治区,VA_tertiary(100million)
三沙市,2021,海南省,GDP(100million)
三沙市,2021,海南省,VA_primary(100million)
三沙市,2021,海南省,VA_secondary(100million)
三沙市,2021,海南省,VA_tertiary(100million)
克孜勒苏柯尔克孜自治州,2021,新疆维吾尔自治区,GDP(100million)
克孜勒苏柯尔克孜自治州,2021,新疆维吾尔自治区,VA_primary(100million)
克孜勒苏柯尔克孜自治州,2021,新疆维吾尔自治区,VA_secondary(100million)
克孜勒苏柯尔克孜自治州,2021,新疆维吾尔自治区,VA_tertiary(100million)
那曲市,2021,西藏自治区,VA_primary(100million)
那曲市,2021,西藏自治区,VA_secondary(100million)
那曲市,2021,西藏自治区,VA_tertiary(100million)
阿里地区,2021,西藏自治区,GDP(100million)
阿里地区,2021,西藏自治区,VA_primary(100million)
阿里地区,2021,西藏自治区,VA_secondary(100million)
阿里地区,2021,西藏自治区,VA_tertiary(100million)
